co,no,no2,o3,so2,pm2_5,pm10,nh3,date
367.17,0.0,38.39,28.61,1.07,14.27,20.87,8.61,2021-05-31 00:00:00
410.56,0.01,41.81,21.1,0.87,18.54,26.05,9.37,2021-05-31 01:00:00
413.9,0.03,38.39,18.06,0.55,19.81,28.37,7.66,2021-05-31 02:00:00
357.15,0.01,27.76,23.96,0.36,16.27,26.66,5.7,2021-05-31 03:00:00
257.02,0.0,14.22,44.7,0.33,10.66,23.21,4.37,2021-05-31 04:00:00
226.97,0.01,12.85,46.49,0.32,8.26,19.66,4.24,2021-05-31 05:00:00
220.3,0.31,14.4,50.78,0.32,7.38,16.01,3.9,2021-05-31 06:00:00
208.62,0.63,11.31,68.67,0.26,5.33,9.95,3.23,2021-05-31 07:00:00
236.99,1.36,15.59,66.52,0.46,5.29,9.25,4.88,2021-05-31 08:00:00
283.72,3.21,22.62,63.66,1.13,6.06,10.23,7.35,2021-05-31 09:00:00
250.34,2.4,13.88,82.25,1.64,3.89,6.26,4.75,2021-05-31 10:00:00
223.64,1.5,10.54,91.55,2.03,3.54,5.63,3.58,2021-05-31 11:00:00
208.62,0.99,8.82,97.28,2.21,3.47,5.5,2.91,2021-05-31 12:00:00
198.6,0.72,7.28,100.14,2.03,3.27,5.06,2.57,2021-05-31 13:00:00
195.27,0.63,6.6,101.57,1.85,3.29,4.85,2.5,2021-05-31 14:00:00
195.27,0.62,6.6,100.14,1.83,3.38,4.8,2.47,2021-05-31 15:00:00
198.6,0.66,7.54,97.28,1.86,3.57,4.89,2.6,2021-05-31 16:00:00
205.28,0.61,8.91,95.84,2.0,3.97,5.28,2.79,2021-05-31 17:00:00
206.95,0.37,9.34,92.98,2.03,4.33,5.62,2.66,2021-05-31 18:00:00
208.62,0.08,10.54,89.41,2.33,4.9,6.51,2.63,2021-05-31 19:00:00
208.62,0.0,10.54,84.4,2.44,5.37,7.25,2.44,2021-05-31 20:00:00
203.61,0.0,9.17,82.97,2.24,5.56,7.42,1.88,2021-05-31 21:00:00
205.28,0.0,10.54,68.67,1.43,6.03,8.0,1.88,2021-05-31 22:00:00
208.62,0.0,11.31,53.64,0.87,6.55,8.85,2.34,2021-05-31 23:00:00
205.28,0.0,10.2,47.92,0.69,6.91,9.57,2.91,2021-06-01 00:00:00
196.93,0.0,9.08,46.49,0.6,7.1,10.01,3.8,2021-06-01 01:00:00
191.93,0.0,8.82,42.2,0.49,7.16,10.16,4.43,2021-06-01 02:00:00
188.59,0.0,9.34,37.91,0.42,7.14,10.05,4.88,2021-06-01 03:00:00
188.59,0.01,10.71,32.54,0.37,7.03,9.73,5.26,2021-06-01 04:00:00
205.28,0.15,17.48,21.46,0.38,7.51,10.16,5.64,2021-06-01 05:00:00
240.33,4.14,26.05,12.7,0.46,8.67,11.41,5.57,2021-06-01 06:00:00
193.6,0.84,8.65,82.25,1.46,6.7,9.34,1.62,2021-06-01 07:00:00
193.6,1.13,6.51,87.98,1.49,6.58,9.6,1.73,2021-06-01 08:00:00
191.93,0.98,4.54,97.28,1.39,6.29,9.41,1.79,2021-06-01 09:00:00
183.58,0.51,2.61,104.43,1.04,5.07,8.01,1.55,2021-06-01 10:00:00
181.91,0.41,2.29,105.86,1.04,4.82,8.23,1.46,2021-06-01 11:00:00
181.91,0.38,2.36,105.86,1.12,5.32,9.4,1.39,2021-06-01 12:00:00
183.58,0.3,3.21,103.0,1.27,6.1,10.82,1.46,2021-06-01 13:00:00
185.25,0.24,4.24,97.28,1.37,6.47,11.35,1.47,2021-06-01 14:00:00
188.59,0.17,4.88,94.41,1.34,6.58,12.06,1.41,2021-06-01 15:00:00
190.26,0.12,5.31,92.98,1.3,6.99,12.68,1.12,2021-06-01 16:00:00
191.93,0.06,4.16,91.55,0.86,7.47,13.37,0.79,2021-06-01 17:00:00
195.27,0.02,2.74,87.98,0.4,8.47,14.07,0.5,2021-06-01 18:00:00
201.94,0.0,2.06,82.25,0.19,10.37,14.84,0.38,2021-06-01 19:00:00
208.62,0.0,1.99,77.25,0.2,11.09,14.23,0.37,2021-06-01 20:00:00
213.62,0.0,2.38,75.1,0.3,10.64,12.71,0.46,2021-06-01 21:00:00
216.96,0.0,3.0,73.67,0.54,9.96,11.37,0.66,2021-06-01 22:00:00
216.96,0.0,3.21,73.67,0.81,9.45,10.61,0.71,2021-06-01 23:00:00
216.96,0.0,3.26,73.67,0.94,9.05,10.14,0.71,2021-06-02 00:00:00
216.96,0.0,3.3,72.96,1.0,8.58,9.64,0.71,2021-06-02 01:00:00
213.62,0.0,2.83,70.81,0.78,8.0,9.06,0.6,2021-06-02 02:00:00
211.95,0.0,2.08,70.1,0.44,7.45,8.48,0.54,2021-06-02 03:00:00
208.62,0.0,1.82,69.38,0.22,6.92,7.96,0.65,2021-06-02 04:00:00
208.62,0.0,2.42,69.38,0.14,6.31,7.37,0.71,2021-06-02 05:00:00
210.29,0.15,3.47,68.67,0.13,5.87,6.98,0.74,2021-06-02 06:00:00
210.29,0.46,3.6,70.1,0.11,5.68,6.83,0.71,2021-06-02 07:00:00
211.95,0.57,3.51,71.53,0.11,5.86,6.94,0.72,2021-06-02 08:00:00
213.62,0.5,3.38,72.24,0.2,6.47,7.42,0.81,2021-06-02 09:00:00
213.62,0.27,2.36,76.53,0.37,5.79,6.53,0.6,2021-06-02 10:00:00
213.62,0.17,2.06,80.11,0.44,4.7,5.3,0.53,2021-06-02 11:00:00
216.96,0.12,2.14,81.54,0.48,3.82,4.34,0.52,2021-06-02 12:00:00
216.96,0.17,2.4,85.12,0.62,3.36,3.9,0.68,2021-06-02 13:00:00
216.96,0.29,2.42,90.12,0.79,3.23,3.87,0.84,2021-06-02 14:00:00
216.96,0.39,2.44,92.98,0.83,3.27,3.99,0.9,2021-06-02 15:00:00
216.96,0.41,2.57,90.84,0.73,3.61,4.37,0.82,2021-06-02 16:00:00
216.96,0.31,2.68,85.12,0.57,4.69,5.57,0.73,2021-06-02 17:00:00
213.62,0.14,2.46,79.39,0.41,6.49,7.84,0.57,2021-06-02 18:00:00
206.95,0.02,2.1,75.82,0.31,8.95,11.03,0.39,2021-06-02 19:00:00
201.94,0.0,1.93,74.39,0.27,10.58,13.02,0.32,2021-06-02 20:00:00
203.61,0.0,1.84,72.96,0.21,10.98,12.98,0.31,2021-06-02 21:00:00
208.62,0.0,1.65,70.81,0.17,11.74,13.35,0.28,2021-06-02 22:00:00
210.29,0.0,1.39,72.24,0.18,12.96,15.04,0.27,2021-06-02 23:00:00
206.95,0.0,1.22,74.39,0.19,13.15,15.84,0.28,2021-06-03 00:00:00
205.28,0.0,1.16,75.1,0.19,12.31,15.26,0.34,2021-06-03 01:00:00
201.94,0.0,1.2,75.1,0.19,11.62,14.75,0.42,2021-06-03 02:00:00
196.93,0.0,1.36,74.39,0.2,11.36,14.61,0.49,2021-06-03 03:00:00
193.6,0.0,1.65,73.67,0.21,11.26,14.69,0.55,2021-06-03 04:00:00
191.93,0.0,2.4,72.96,0.24,10.72,14.36,0.56,2021-06-03 05:00:00
190.26,0.13,3.3,73.67,0.26,9.72,13.48,0.57,2021-06-03 06:00:00
188.59,0.36,3.04,77.96,0.27,8.32,12.1,0.55,2021-06-03 07:00:00
188.59,0.4,2.55,81.54,0.29,7.43,11.35,0.56,2021-06-03 08:00:00
190.26,0.34,2.12,85.12,0.31,6.72,10.62,0.55,2021-06-03 09:00:00
196.93,0.22,1.35,87.98,0.29,4.74,7.49,0.43,2021-06-03 10:00:00
198.6,0.18,0.99,90.12,0.33,4.33,6.83,0.33,2021-06-03 11:00:00
195.27,0.17,0.8,91.55,0.35,4.68,7.19,0.27,2021-06-03 12:00:00
193.6,0.17,0.8,91.55,0.35,5.3,7.74,0.26,2021-06-03 13:00:00
193.6,0.18,0.95,90.12,0.35,5.8,8.14,0.26,2021-06-03 14:00:00
193.6,0.19,1.25,89.41,0.36,6.32,8.61,0.22,2021-06-03 15:00:00
195.27,0.2,1.61,89.41,0.38,8.11,10.62,0.05,2021-06-03 16:00:00
195.27,0.2,1.8,88.69,0.4,10.48,13.34,0.0,2021-06-03 17:00:00
196.93,0.13,1.91,87.26,0.4,11.83,14.88,0.0,2021-06-03 18:00:00
203.61,0.07,4.54,73.67,0.3,12.64,15.86,0.52,2021-06-03 19:00:00
213.62,0.0,7.71,57.22,0.23,13.0,16.49,1.17,2021-06-03 20:00:00
216.96,0.0,9.94,46.49,0.19,13.16,16.93,1.38,2021-06-03 21:00:00
208.62,0.0,10.54,40.41,0.14,12.76,16.73,1.63,2021-06-03 22:00:00
198.6,0.0,9.0,38.27,0.11,12.09,16.14,1.82,2021-06-03 23:00:00
191.93,0.0,6.86,38.98,0.11,11.37,15.41,2.09,2021-06-04 00:00:00
186.92,0.0,5.57,40.77,0.11,10.95,14.85,2.25,2021-06-04 01:00:00
185.25,0.0,4.63,43.99,0.12,10.78,14.46,2.06,2021-06-04 02:00:00
185.25,0.0,4.03,48.64,0.12,10.72,14.15,1.9,2021-06-04 03:00:00
185.25,0.0,3.9,52.93,0.12,10.56,13.85,1.55,2021-06-04 04:00:00
193.6,0.0,6.17,52.21,0.14,10.3,13.54,1.27,2021-06-04 05:00:00
201.94,0.16,8.48,56.51,0.16,10.19,13.56,1.06,2021-06-04 06:00:00
198.6,0.16,3.47,77.96,0.19,10.79,14.64,0.02,2021-06-04 07:00:00
195.27,0.14,2.68,82.25,0.28,13.3,17.85,0.0,2021-06-04 08:00:00
191.93,0.11,2.25,83.69,0.36,15.34,20.09,0.0,2021-06-04 09:00:00
190.26,0.1,1.52,87.98,0.41,12.47,16.13,0.0,2021-06-04 10:00:00
191.93,0.1,1.26,91.55,0.43,9.93,12.67,0.0,2021-06-04 11:00:00
191.93,0.11,1.13,94.41,0.42,8.67,11.21,0.0,2021-06-04 12:00:00
191.93,0.16,0.95,97.28,0.39,7.83,10.46,0.0,2021-06-04 13:00:00
193.6,0.14,1.27,97.28,0.43,8.36,11.35,0.0,2021-06-04 14:00:00
195.27,0.13,1.89,94.41,0.51,9.5,12.8,0.0,2021-06-04 15:00:00
196.93,0.14,3.0,91.55,0.62,11.28,14.89,0.0,2021-06-04 16:00:00
200.27,0.13,3.98,87.98,0.65,12.72,16.55,0.03,2021-06-04 17:00:00
201.94,0.06,4.33,85.12,0.61,13.26,17.26,0.1,2021-06-04 18:00:00
205.28,0.02,4.93,80.11,0.47,13.43,17.55,0.37,2021-06-04 19:00:00
206.95,0.0,6.0,71.53,0.35,13.73,18.03,0.8,2021-06-04 20:00:00
206.95,0.0,6.6,63.66,0.31,14.05,18.69,1.01,2021-06-04 21:00:00
205.28,0.0,6.51,57.94,0.26,14.2,19.36,1.2,2021-06-04 22:00:00
201.94,0.0,5.66,54.36,0.22,14.59,20.22,1.25,2021-06-04 23:00:00
198.6,0.0,4.63,52.93,0.19,15.21,21.11,1.24,2021-06-05 00:00:00
196.93,0.0,4.8,44.7,0.14,15.78,21.53,1.55,2021-06-05 01:00:00
196.93,0.0,5.83,32.54,0.1,16.0,21.65,2.09,2021-06-05 02:00:00
198.6,0.02,7.2,22.71,0.11,16.29,22.17,2.82,2021-06-05 03:00:00
203.61,0.09,9.34,14.31,0.12,16.48,22.82,3.33,2021-06-05 04:00:00
216.96,0.65,13.02,6.71,0.15,17.02,24.07,2.82,2021-06-05 05:00:00
233.65,4.08,14.74,4.74,0.19,17.64,25.28,2.34,2021-06-05 06:00:00
213.62,0.91,8.91,47.21,0.59,17.14,24.8,1.82,2021-06-05 07:00:00
213.62,0.71,7.37,56.51,0.64,17.08,24.11,1.55,2021-06-05 08:00:00
216.96,0.41,7.28,60.8,0.69,17.36,24.25,1.81,2021-06-05 09:00:00
213.62,0.21,6.86,66.52,0.69,14.75,20.18,2.25,2021-06-05 10:00:00
220.3,0.31,10.45,64.37,1.45,13.41,18.25,3.58,2021-06-05 11:00:00
223.64,0.48,14.91,58.65,2.86,11.27,15.37,4.18,2021-06-05 12:00:00
206.95,0.42,13.02,60.08,3.07,7.22,9.96,3.29,2021-06-05 13:00:00
190.26,0.27,8.82,66.52,2.33,4.0,5.65,2.44,2021-06-05 14:00:00
181.91,0.19,6.43,71.53,1.73,2.2,3.29,1.87,2021-06-05 15:00:00
181.91,0.19,6.0,73.67,1.36,1.63,2.59,1.9,2021-06-05 16:00:00
185.25,0.18,7.54,73.67,1.37,1.64,2.72,2.6,2021-06-05 17:00:00
191.93,0.11,9.68,71.53,1.65,1.85,3.12,3.48,2021-06-05 18:00:00
223.64,0.07,19.36,56.51,2.65,2.76,4.66,6.97,2021-06-05 19:00:00
270.37,0.0,32.9,38.98,2.89,4.1,6.7,10.64,2021-06-05 20:00:00
283.72,0.0,37.01,31.11,1.74,4.54,7.31,10.77,2021-06-05 21:00:00
257.02,0.0,29.13,29.68,0.75,4.0,6.58,8.87,2021-06-05 22:00:00
220.3,0.0,19.36,28.97,0.36,3.37,5.68,6.71,2021-06-05 23:00:00
188.59,0.0,12.0,28.25,0.22,2.86,4.86,5.19,2021-06-06 00:00:00
170.23,0.0,7.37,27.18,0.17,2.6,4.14,3.64,2021-06-06 01:00:00
165.22,0.0,5.48,25.75,0.18,2.92,4.14,3.1,2021-06-06 02:00:00
170.23,0.0,5.14,27.54,0.24,3.57,4.74,3.33,2021-06-06 03:00:00
176.91,0.0,4.71,38.62,0.28,3.69,4.98,3.39,2021-06-06 04:00:00
178.58,0.0,5.4,40.41,0.22,3.4,4.75,3.29,2021-06-06 05:00:00
180.24,0.11,7.54,37.19,0.19,3.29,4.59,3.2,2021-06-06 06:00:00
183.58,0.29,6.77,45.42,0.19,2.83,3.89,2.69,2021-06-06 07:00:00
188.59,0.62,7.2,48.64,0.24,2.58,3.51,3.36,2021-06-06 08:00:00
198.6,1.03,8.14,52.93,0.52,2.4,3.25,4.69,2021-06-06 09:00:00
196.93,0.53,6.0,70.1,0.66,1.6,2.15,3.2,2021-06-06 10:00:00
191.93,0.26,3.9,78.68,0.52,1.22,1.64,2.12,2021-06-06 11:00:00
190.26,0.14,2.83,81.54,0.39,1.08,1.44,1.76,2021-06-06 12:00:00
186.92,0.16,2.29,84.4,0.31,1.13,1.44,1.76,2021-06-06 13:00:00
183.58,0.23,2.21,91.55,0.4,1.59,1.94,1.92,2021-06-06 14:00:00
185.25,0.3,2.38,100.14,0.48,2.17,2.6,1.88,2021-06-06 15:00:00
186.92,0.39,2.87,101.57,0.51,2.57,3.18,1.96,2021-06-06 16:00:00
190.26,0.45,3.77,98.71,0.63,2.9,3.85,2.25,2021-06-06 17:00:00
193.6,0.38,4.8,95.84,0.78,3.08,4.47,2.5,2021-06-06 18:00:00
201.94,0.15,7.63,89.41,1.1,3.28,5.3,3.2,2021-06-06 19:00:00
206.95,0.0,8.74,83.69,1.06,3.39,5.94,3.77,2021-06-06 20:00:00
203.61,0.0,7.45,79.39,0.68,3.33,6.05,3.33,2021-06-06 21:00:00
200.27,0.0,8.14,70.1,0.4,3.32,6.0,2.98,2021-06-06 22:00:00
200.27,0.0,9.34,57.94,0.27,3.44,6.19,2.6,2021-06-06 23:00:00
195.27,0.0,8.57,51.5,0.22,3.5,6.32,2.44,2021-06-07 00:00:00
190.26,0.0,7.63,45.78,0.19,3.55,6.46,2.82,2021-06-07 01:00:00
188.59,0.0,7.45,39.7,0.17,3.66,6.66,2.69,2021-06-07 02:00:00
186.92,0.0,8.05,32.9,0.15,3.8,6.9,2.47,2021-06-07 03:00:00
186.92,0.02,9.25,26.46,0.14,3.98,7.16,2.15,2021-06-07 04:00:00
198.6,0.17,13.54,20.03,0.19,4.42,7.71,2.06,2021-06-07 05:00:00
216.96,2.63,16.11,22.17,0.25,4.88,8.3,2.41,2021-06-07 06:00:00
201.94,2.1,9.94,56.51,0.42,4.09,7.24,2.41,2021-06-07 07:00:00
220.3,3.24,11.14,62.23,0.63,4.64,8.17,3.9,2021-06-07 08:00:00
243.66,3.97,14.4,78.68,1.37,6.24,10.16,5.51,2021-06-07 09:00:00
216.96,1.55,7.97,108.72,2.03,5.64,8.14,4.18,2021-06-07 10:00:00
200.27,0.6,4.28,124.45,2.35,5.95,7.98,3.36,2021-06-07 11:00:00
191.93,0.31,2.74,127.32,2.18,6.0,7.99,2.79,2021-06-07 12:00:00
186.92,0.25,2.36,123.02,1.79,5.73,7.76,2.57,2021-06-07 13:00:00
183.58,0.31,2.66,121.59,1.7,5.71,7.9,2.63,2021-06-07 14:00:00
183.58,0.41,3.34,120.16,1.89,5.95,8.3,2.85,2021-06-07 15:00:00
186.92,0.54,4.71,124.45,2.27,6.6,9.12,3.45,2021-06-07 16:00:00
196.93,0.68,7.45,128.75,2.95,7.54,10.28,4.5,2021-06-07 17:00:00
210.29,0.61,11.31,130.18,3.58,8.38,11.15,5.45,2021-06-07 18:00:00
230.31,0.24,17.65,115.87,4.23,8.48,11.56,6.71,2021-06-07 19:00:00
250.34,0.0,21.42,98.71,4.59,9.55,13.12,7.35,2021-06-07 20:00:00
257.02,0.0,21.25,85.83,4.23,11.36,15.15,6.9,2021-06-07 21:00:00
263.69,0.0,22.62,69.38,3.28,12.6,16.52,6.52,2021-06-07 22:00:00
270.37,0.0,23.65,52.21,2.35,12.93,17.03,5.76,2021-06-07 23:00:00
267.03,0.0,22.28,41.49,1.8,13.0,17.29,5.0,2021-06-08 00:00:00
267.03,0.0,21.59,30.76,1.27,13.12,17.67,5.32,2021-06-08 01:00:00
267.03,0.01,21.59,21.64,0.92,14.13,18.91,7.35,2021-06-08 02:00:00
263.69,0.03,22.28,16.81,0.86,15.91,20.91,11.02,2021-06-08 03:00:00
250.34,0.11,22.62,13.59,0.79,17.17,22.23,14.31,2021-06-08 04:00:00
253.68,1.37,24.68,6.26,0.6,17.27,22.28,11.27,2021-06-08 05:00:00
273.71,10.06,23.65,7.96,0.51,16.19,20.98,8.36,2021-06-08 06:00:00
216.96,1.29,9.25,80.11,0.76,8.14,10.33,3.64,2021-06-08 07:00:00
226.97,1.82,8.91,91.55,0.72,6.13,7.94,4.24,2021-06-08 08:00:00
247.0,2.21,10.28,108.72,1.12,6.62,8.46,5.07,2021-06-08 09:00:00
240.33,1.52,7.54,124.45,1.52,6.34,7.99,4.37,2021-06-08 10:00:00
226.97,0.85,4.84,138.76,1.76,6.55,8.15,3.58,2021-06-08 11:00:00
220.3,0.57,3.51,145.91,1.83,6.76,8.37,2.98,2021-06-08 12:00:00
216.96,0.44,3.26,141.62,1.61,6.51,8.18,2.63,2021-06-08 13:00:00
216.96,0.46,3.64,134.47,1.3,6.35,8.19,2.57,2021-06-08 14:00:00
213.62,0.54,4.11,124.45,1.07,6.07,7.96,2.44,2021-06-08 15:00:00
210.29,0.66,5.31,113.01,0.92,5.87,7.85,2.6,2021-06-08 16:00:00
211.95,0.68,6.77,101.57,0.84,5.99,8.15,2.91,2021-06-08 17:00:00
213.62,0.43,7.63,90.12,0.79,6.19,8.43,2.98,2021-06-08 18:00:00
247.0,0.2,14.22,72.24,1.01,7.13,9.79,5.38,2021-06-08 19:00:00
283.72,0.0,19.88,55.79,1.01,8.1,11.18,7.35,2021-06-08 20:00:00
293.73,0.0,20.56,47.21,0.69,8.51,11.77,6.52,2021-06-08 21:00:00
290.39,0.01,22.28,32.54,0.34,8.86,12.31,4.56,2021-06-08 22:00:00
283.72,0.03,22.28,19.85,0.2,9.01,12.66,4.12,2021-06-08 23:00:00
263.69,0.05,19.02,15.02,0.18,8.91,12.72,4.81,2021-06-09 00:00:00
240.33,0.06,15.77,13.59,0.18,8.61,12.46,5.76,2021-06-09 01:00:00
223.64,0.07,13.88,12.7,0.17,8.35,12.24,6.21,2021-06-09 02:00:00
220.3,0.11,13.37,11.62,0.17,8.27,12.16,7.03,2021-06-09 03:00:00
220.3,0.18,14.4,11.09,0.19,8.32,12.23,7.35,2021-06-09 04:00:00
240.33,1.23,20.22,6.17,0.27,8.96,12.97,7.35,2021-06-09 05:00:00
273.71,7.15,25.71,6.88,0.36,10.0,14.1,7.35,2021-06-09 06:00:00
250.34,3.74,19.02,50.07,0.56,7.77,10.7,5.64,2021-06-09 07:00:00
277.04,5.25,20.22,68.67,0.81,7.72,10.36,7.28,2021-06-09 08:00:00
297.07,4.92,20.74,98.71,1.61,8.06,10.37,8.36,2021-06-09 09:00:00
236.99,2.15,10.54,127.32,2.38,6.48,7.66,5.26,2021-06-09 10:00:00
213.62,1.2,6.6,138.76,2.65,6.55,7.56,4.12,2021-06-09 11:00:00
203.61,0.81,4.8,141.62,2.41,6.5,7.45,3.52,2021-06-09 12:00:00
198.6,0.66,4.46,138.76,2.12,6.23,7.15,3.26,2021-06-09 13:00:00
196.93,0.57,5.14,134.47,2.0,5.95,6.9,3.26,2021-06-09 14:00:00
196.93,0.48,6.51,125.89,2.03,5.71,6.7,3.26,2021-06-09 15:00:00
198.6,0.53,8.23,118.73,1.94,5.61,6.64,3.42,2021-06-09 16:00:00
206.95,0.71,9.94,114.44,1.58,5.72,6.81,3.9,2021-06-09 17:00:00
211.95,0.55,9.94,108.72,1.06,5.52,6.6,4.02,2021-06-09 18:00:00
243.66,0.28,16.28,92.98,1.12,5.96,7.37,6.27,2021-06-09 19:00:00
273.71,0.0,19.88,75.82,0.95,6.46,8.08,7.79,2021-06-09 20:00:00
270.37,0.0,18.34,67.95,0.57,6.55,8.18,7.28,2021-06-09 21:00:00
263.69,0.0,19.19,52.21,0.32,6.82,8.56,7.09,2021-06-09 22:00:00
250.34,0.0,18.85,38.98,0.21,7.09,9.0,8.23,2021-06-09 23:00:00
233.65,0.0,16.45,36.84,0.17,7.18,9.22,9.25,2021-06-10 00:00:00
216.96,0.0,14.22,35.76,0.16,7.17,9.35,8.99,2021-06-10 01:00:00
206.95,0.0,13.2,30.76,0.16,7.08,9.38,8.49,2021-06-10 02:00:00
200.27,0.01,13.02,24.68,0.15,7.03,9.44,8.36,2021-06-10 03:00:00
196.93,0.05,14.22,19.31,0.16,7.09,9.62,8.87,2021-06-10 04:00:00
211.95,0.58,20.22,10.73,0.22,7.65,10.33,9.37,2021-06-10 05:00:00
240.33,5.98,25.36,7.33,0.28,8.59,11.34,8.49,2021-06-10 06:00:00
203.61,0.82,9.85,78.68,0.23,5.93,7.39,3.48,2021-06-10 07:00:00
213.62,1.52,10.2,87.98,0.32,6.14,7.56,4.18,2021-06-10 08:00:00
247.0,2.54,13.71,104.43,0.6,7.23,8.89,6.65,2021-06-10 09:00:00
243.66,1.96,10.71,128.75,1.22,7.41,8.57,5.95,2021-06-10 10:00:00
230.31,1.24,7.37,143.05,1.15,7.58,8.63,4.81,2021-06-10 11:00:00
205.28,0.67,4.11,143.05,0.75,6.97,7.85,3.67,2021-06-10 12:00:00
180.24,0.3,2.01,130.18,0.42,5.76,6.41,2.06,2021-06-10 13:00:00
175.24,0.27,2.21,121.59,0.4,5.49,6.07,2.01,2021-06-10 14:00:00
175.24,0.26,2.96,117.3,0.45,5.52,6.1,2.12,2021-06-10 15:00:00
176.91,0.26,4.2,114.44,0.47,5.71,6.3,2.44,2021-06-10 16:00:00
183.58,0.21,5.31,113.01,0.53,6.19,6.82,2.79,2021-06-10 17:00:00
190.26,0.11,5.74,113.01,0.57,6.68,7.36,3.04,2021-06-10 18:00:00
226.97,0.05,12.85,94.41,0.87,7.43,8.43,5.83,2021-06-10 19:00:00
273.71,0.0,19.36,70.81,0.86,8.24,9.61,8.49,2021-06-10 20:00:00
280.38,0.0,20.39,57.94,0.54,8.57,10.09,8.49,2021-06-10 21:00:00
257.02,0.0,18.68,52.21,0.32,8.39,9.92,7.28,2021-06-10 22:00:00
230.31,0.0,14.91,45.78,0.23,8.07,9.52,6.08,2021-06-10 23:00:00
205.28,0.0,10.54,42.56,0.17,7.73,9.1,5.19,2021-06-11 00:00:00
190.26,0.0,8.74,37.91,0.13,7.71,9.11,5.26,2021-06-11 01:00:00
181.91,0.0,8.05,32.54,0.1,7.75,9.23,5.57,2021-06-11 02:00:00
176.91,0.01,7.63,31.47,0.1,7.76,9.26,5.57,2021-06-11 03:00:00
175.24,0.01,8.23,30.04,0.11,7.82,9.35,5.51,2021-06-11 04:00:00
190.26,0.23,14.91,18.6,0.17,8.34,10.04,5.64,2021-06-11 05:00:00
220.3,5.53,21.08,8.76,0.25,9.24,11.2,5.7,2021-06-11 06:00:00
220.3,6.65,18.68,19.85,0.25,8.54,10.26,4.88,2021-06-11 07:00:00
233.65,8.83,21.25,28.97,0.29,8.62,10.4,5.38,2021-06-11 08:00:00
270.37,9.72,25.36,40.41,0.41,9.13,11.04,8.36,2021-06-11 09:00:00
185.25,0.72,4.76,103.0,0.46,4.42,5.05,2.82,2021-06-11 10:00:00
180.24,0.43,3.0,110.15,0.61,4.26,4.8,2.34,2021-06-11 11:00:00
180.24,0.38,2.7,114.44,0.81,4.6,5.18,2.28,2021-06-11 12:00:00
185.25,0.49,3.56,117.3,1.15,5.23,5.93,2.79,2021-06-11 13:00:00
188.59,0.55,4.41,120.16,1.37,5.62,6.41,3.07,2021-06-11 14:00:00
190.26,0.57,5.14,120.16,1.51,5.66,6.51,3.17,2021-06-11 15:00:00
190.26,0.52,6.26,118.73,1.55,5.64,6.52,3.23,2021-06-11 16:00:00
200.27,0.47,8.91,115.87,1.94,6.28,7.32,3.86,2021-06-11 17:00:00
210.29,0.26,12.0,113.01,2.56,7.16,8.39,4.62,2021-06-11 18:00:00
310.42,0.14,32.56,73.67,4.11,10.37,12.63,10.64,2021-06-11 19:00:00
403.88,0.0,48.67,37.55,3.7,13.67,16.76,12.67,2021-06-11 20:00:00
403.88,0.01,48.67,26.82,2.06,14.44,17.54,10.01,2021-06-11 21:00:00
347.14,0.0,40.1,27.9,1.07,13.16,15.98,9.25,2021-06-11 22:00:00
283.72,0.0,28.79,30.4,0.55,11.36,13.94,8.87,2021-06-11 23:00:00
230.31,0.0,19.02,32.19,0.29,9.69,12.09,8.87,2021-06-12 00:00:00
196.93,0.0,13.88,33.62,0.23,8.68,11.04,11.53,2021-06-12 01:00:00
183.58,0.0,11.82,36.48,0.24,8.0,10.35,16.21,2021-06-12 02:00:00
178.58,0.0,10.8,38.62,0.24,7.34,9.68,20.52,2021-06-12 03:00:00
176.91,0.0,10.8,40.77,0.25,6.23,8.49,24.07,2021-06-12 04:00:00
185.25,0.03,14.57,36.84,0.3,5.44,7.66,24.32,2021-06-12 05:00:00
198.6,2.04,19.19,28.61,0.34,5.16,7.26,19.25,2021-06-12 06:00:00
193.6,3.24,13.2,41.13,0.25,4.42,6.0,8.87,2021-06-12 07:00:00
201.94,3.97,13.54,57.22,0.24,5.01,6.57,6.97,2021-06-12 08:00:00
226.97,3.97,16.11,85.83,0.28,7.22,8.91,8.49,2021-06-12 09:00:00
193.6,0.61,3.56,120.16,0.57,4.24,4.89,4.62,2021-06-12 10:00:00
193.6,0.45,3.0,130.18,1.07,4.79,5.46,4.18,2021-06-12 11:00:00
193.6,0.36,2.7,135.9,1.4,5.61,6.37,3.8,2021-06-12 12:00:00
195.27,0.31,2.61,143.05,1.67,6.84,7.68,3.55,2021-06-12 13:00:00
195.27,0.31,2.64,147.34,1.76,7.89,8.78,3.48,2021-06-12 14:00:00
195.27,0.32,2.79,144.48,1.7,8.4,9.28,3.36,2021-06-12 15:00:00
196.93,0.4,3.51,141.62,1.76,8.94,9.82,3.48,2021-06-12 16:00:00
203.61,0.5,5.44,141.62,2.33,10.09,11.08,4.18,2021-06-12 17:00:00
213.62,0.48,8.4,140.19,2.92,10.89,12.0,5.0,2021-06-12 18:00:00
270.37,0.29,20.05,124.45,4.05,14.37,16.07,8.61,2021-06-12 19:00:00
333.79,0.0,30.16,97.28,3.49,17.31,19.59,11.53,2021-06-12 20:00:00
330.45,0.0,29.13,75.1,1.76,16.36,18.67,10.39,2021-06-12 21:00:00
283.72,0.0,21.94,64.37,0.78,14.16,16.27,8.11,2021-06-12 22:00:00
233.65,0.0,13.54,65.09,0.48,12.47,14.27,6.21,2021-06-12 23:00:00
203.61,0.0,7.54,73.67,0.44,11.55,13.13,5.13,2021-06-13 00:00:00
190.26,0.0,4.33,82.25,0.42,10.87,12.28,4.62,2021-06-13 01:00:00
185.25,0.0,3.43,77.96,0.35,10.51,11.9,4.75,2021-06-13 02:00:00
183.58,0.0,3.17,75.82,0.34,10.41,11.81,4.88,2021-06-13 03:00:00
183.58,0.0,3.26,77.25,0.36,10.46,11.88,4.94,2021-06-13 04:00:00
186.92,0.0,4.58,77.96,0.4,10.36,11.82,4.94,2021-06-13 05:00:00
190.26,0.24,6.51,78.68,0.42,9.99,11.46,4.94,2021-06-13 06:00:00
191.93,0.84,7.03,82.97,0.41,9.62,11.09,4.88,2021-06-13 07:00:00
196.93,1.31,7.54,90.12,0.39,9.95,11.47,4.88,2021-06-13 08:00:00
206.95,1.33,7.71,111.58,0.4,11.6,13.25,5.19,2021-06-13 09:00:00
186.92,0.26,1.82,135.9,0.52,7.94,8.84,2.95,2021-06-13 10:00:00
183.58,0.21,1.39,131.61,0.72,7.59,8.4,2.82,2021-06-13 11:00:00
181.91,0.24,1.5,127.32,0.98,7.74,8.55,2.88,2021-06-13 12:00:00
185.25,0.32,1.97,127.32,1.39,8.45,9.33,3.2,2021-06-13 13:00:00
190.26,0.4,2.66,135.9,1.88,9.8,10.92,3.52,2021-06-13 14:00:00
198.6,0.49,3.77,153.07,2.35,11.47,12.95,3.8,2021-06-13 15:00:00
203.61,0.53,5.1,171.66,2.27,12.18,13.83,3.99,2021-06-13 16:00:00
205.28,0.5,5.91,163.08,1.61,10.62,11.93,3.96,2021-06-13 17:00:00
200.27,0.33,5.74,135.9,0.95,8.13,8.93,3.48,2021-06-13 18:00:00
206.95,0.1,7.88,114.44,0.77,7.49,8.24,4.31,2021-06-13 19:00:00
213.62,0.0,8.57,98.71,0.52,7.59,8.43,5.07,2021-06-13 20:00:00
205.28,0.0,6.94,91.55,0.3,7.74,8.6,4.05,2021-06-13 21:00:00
191.93,0.0,5.83,87.98,0.28,7.79,8.68,3.26,2021-06-13 22:00:00
183.58,0.0,5.27,84.4,0.28,7.72,8.69,3.29,2021-06-13 23:00:00
178.58,0.0,4.58,80.11,0.27,7.57,8.69,3.55,2021-06-14 00:00:00
175.24,0.0,4.37,71.53,0.24,7.45,8.75,4.12,2021-06-14 01:00:00
173.57,0.0,4.46,60.08,0.21,7.41,8.87,4.75,2021-06-14 02:00:00
171.9,0.0,4.63,50.78,0.18,7.36,9.0,5.19,2021-06-14 03:00:00
170.23,0.0,5.18,45.06,0.17,7.27,9.09,5.38,2021-06-14 04:00:00
176.91,0.01,8.14,39.34,0.2,7.32,9.36,5.38,2021-06-14 05:00:00
186.92,0.88,12.51,34.33,0.25,7.58,9.75,5.38,2021-06-14 06:00:00
195.27,3.1,12.51,37.55,0.27,7.7,9.88,4.94,2021-06-14 07:00:00
220.3,5.98,15.08,41.84,0.34,8.38,10.78,6.21,2021-06-14 08:00:00
297.07,10.73,23.99,48.64,0.92,10.12,13.09,11.15,2021-06-14 09:00:00
226.97,2.21,10.71,118.73,1.58,8.69,13.7,5.7,2021-06-14 10:00:00
213.62,1.03,6.43,148.77,2.21,10.03,15.17,4.69,2021-06-14 11:00:00
208.62,0.57,4.24,168.8,2.41,11.26,15.72,4.31,2021-06-14 12:00:00
208.62,0.5,4.16,185.97,2.77,12.21,16.67,4.24,2021-06-14 13:00:00
210.29,0.55,4.93,191.69,3.04,12.53,17.56,4.02,2021-06-14 14:00:00
210.29,0.66,6.0,180.24,2.86,11.43,16.64,3.67,2021-06-14 15:00:00
205.28,0.77,6.94,160.22,2.44,9.85,14.67,3.29,2021-06-14 16:00:00
211.95,0.88,9.08,145.91,2.06,9.14,13.5,3.93,2021-06-14 17:00:00
216.96,0.66,10.63,128.75,1.67,8.49,12.33,4.31,2021-06-14 18:00:00
250.34,0.27,17.82,104.43,1.91,9.36,12.86,6.59,2021-06-14 19:00:00
290.39,0.0,21.76,80.11,1.59,10.17,13.41,8.99,2021-06-14 20:00:00
277.04,0.0,18.68,66.52,0.82,9.77,12.53,8.49,2021-06-14 21:00:00
253.68,0.0,17.99,50.78,0.45,9.61,12.07,7.98,2021-06-14 22:00:00
233.65,0.0,17.48,35.76,0.33,9.56,11.98,7.28,2021-06-14 23:00:00
211.95,0.0,14.57,30.04,0.26,9.11,11.57,6.9,2021-06-15 00:00:00
193.6,0.0,11.48,31.47,0.24,8.47,11.07,7.16,2021-06-15 01:00:00
185.25,0.0,9.77,35.41,0.26,8.11,10.96,7.47,2021-06-15 02:00:00
183.58,0.0,9.25,40.77,0.3,7.9,11.2,7.92,2021-06-15 03:00:00
185.25,0.0,10.37,43.99,0.33,7.86,12.13,8.36,2021-06-15 04:00:00
206.95,0.04,17.99,34.69,0.37,8.28,14.43,7.54,2021-06-15 05:00:00
247.0,2.99,29.47,23.25,0.42,9.29,17.51,6.46,2021-06-15 06:00:00
236.99,3.05,21.59,60.8,0.32,7.99,18.91,5.45,2021-06-15 07:00:00
287.06,5.98,25.36,65.09,0.7,8.9,21.85,9.37,2021-06-15 08:00:00
343.8,7.04,29.82,88.69,1.58,10.58,27.94,12.67,2021-06-15 09:00:00
230.31,1.98,9.85,118.73,1.33,8.61,37.57,4.94,2021-06-15 10:00:00
216.96,1.37,7.11,128.75,1.39,8.14,34.19,4.12,2021-06-15 11:00:00
205.28,0.99,5.57,135.9,1.48,7.85,30.14,3.61,2021-06-15 12:00:00
198.6,0.82,4.8,135.9,1.37,8.33,28.76,3.45,2021-06-15 13:00:00
198.6,0.8,4.76,134.47,1.31,8.67,27.49,3.48,2021-06-15 14:00:00
198.6,0.89,5.57,130.18,1.4,8.9,26.4,3.58,2021-06-15 15:00:00
200.27,0.91,7.03,124.45,1.54,8.09,20.46,3.77,2021-06-15 16:00:00
208.62,0.78,9.77,118.73,1.89,7.37,14.92,4.37,2021-06-15 17:00:00
216.96,0.36,12.34,110.15,2.33,7.61,14.25,4.75,2021-06-15 18:00:00
333.79,0.14,33.93,75.82,3.67,10.51,17.63,10.89,2021-06-15 19:00:00
433.92,0.0,50.72,45.78,3.87,13.5,21.14,13.3,2021-06-15 20:00:00
427.25,0.0,48.67,35.76,2.95,14.04,21.7,10.89,2021-06-15 21:00:00
353.81,0.0,37.7,38.27,2.03,12.66,19.93,9.25,2021-06-15 22:00:00
283.72,0.0,24.68,39.7,1.01,10.97,17.64,7.28,2021-06-15 23:00:00
233.65,0.0,14.4,41.49,0.46,9.49,15.43,6.14,2021-06-16 00:00:00
206.95,0.0,9.25,42.2,0.24,8.59,14.03,5.7,2021-06-16 01:00:00
196.93,0.0,8.23,35.05,0.16,8.34,13.78,6.14,2021-06-16 02:00:00
190.26,0.0,8.05,30.4,0.14,8.2,14.16,6.78,2021-06-16 03:00:00
188.59,0.01,9.25,26.82,0.15,8.13,14.97,7.6,2021-06-16 04:00:00
205.28,0.34,16.97,14.48,0.24,8.65,16.54,7.66,2021-06-16 05:00:00
250.34,6.65,25.71,5.72,0.36,9.86,18.88,7.54,2021-06-16 06:00:00
211.95,1.23,13.54,67.95,0.54,8.06,18.3,5.38,2021-06-16 07:00:00
216.96,1.87,12.68,75.82,1.12,8.51,18.57,5.76,2021-06-16 08:00:00
213.62,1.58,9.6,94.41,1.28,9.6,18.97,4.88,2021-06-16 09:00:00
191.93,0.46,2.74,114.44,0.76,10.04,23.98,2.66,2021-06-16 10:00:00
183.58,0.24,1.44,115.87,0.51,9.61,21.28,2.22,2021-06-16 11:00:00
178.58,0.19,1.08,114.44,0.42,9.2,20.07,2.12,2021-06-16 12:00:00
173.57,0.18,0.95,110.15,0.39,8.61,17.26,1.85,2021-06-16 13:00:00
171.9,0.19,0.99,103.0,0.32,7.25,12.39,1.65,2021-06-16 14:00:00
170.23,0.21,1.17,98.71,0.26,6.08,9.07,1.58,2021-06-16 15:00:00
171.9,0.24,1.69,98.71,0.27,5.81,9.11,1.58,2021-06-16 16:00:00
176.91,0.23,2.25,97.28,0.29,6.34,11.67,1.69,2021-06-16 17:00:00
180.24,0.13,2.59,95.84,0.29,7.44,14.37,1.81,2021-06-16 18:00:00
180.24,0.01,2.57,91.55,0.24,8.37,15.12,1.69,2021-06-16 19:00:00
178.58,0.0,2.4,88.69,0.17,8.74,14.63,1.55,2021-06-16 20:00:00
176.91,0.0,2.36,86.55,0.14,8.72,13.49,1.57,2021-06-16 21:00:00
176.91,0.0,2.21,85.12,0.12,8.73,12.92,1.76,2021-06-16 22:00:00
178.58,0.0,1.86,83.69,0.12,8.83,12.56,1.87,2021-06-16 23:00:00
180.24,0.0,1.5,83.69,0.12,9.06,12.48,1.85,2021-06-17 00:00:00
180.24,0.0,1.36,85.12,0.13,9.13,12.32,1.84,2021-06-17 01:00:00
178.58,0.0,1.31,85.83,0.13,9.03,12.04,1.85,2021-06-17 02:00:00
178.58,0.0,1.39,85.12,0.12,8.97,12.01,1.88,2021-06-17 03:00:00
178.58,0.0,1.74,83.69,0.12,8.96,11.98,1.77,2021-06-17 04:00:00
180.24,0.0,3.21,81.54,0.15,9.37,12.8,1.62,2021-06-17 05:00:00
181.91,0.01,4.97,79.39,0.2,9.99,14.32,1.35,2021-06-17 06:00:00
181.91,0.02,4.24,79.39,0.27,10.92,16.44,0.97,2021-06-17 07:00:00
183.58,0.03,3.56,77.25,0.41,12.56,19.66,0.75,2021-06-17 08:00:00
186.92,0.03,2.79,77.96,0.52,13.83,21.91,0.66,2021-06-17 09:00:00
188.59,0.03,1.41,94.41,0.44,12.72,19.29,0.61,2021-06-17 10:00:00
188.59,0.04,1.07,100.14,0.39,12.05,17.62,0.65,2021-06-17 11:00:00
188.59,0.04,0.96,103.0,0.35,11.76,16.9,0.69,2021-06-17 12:00:00
190.26,0.06,0.92,105.86,0.33,11.95,21.08,0.63,2021-06-17 13:00:00
193.6,0.09,0.91,107.29,0.41,14.1,34.97,0.44,2021-06-17 14:00:00
195.27,0.13,1.07,108.72,0.65,18.15,55.02,0.34,2021-06-17 15:00:00
198.6,0.18,1.48,110.15,0.87,20.37,62.0,0.36,2021-06-17 16:00:00
198.6,0.22,2.36,108.72,1.09,19.59,54.75,0.57,2021-06-17 17:00:00
203.61,0.23,4.33,105.86,1.57,17.52,48.16,0.99,2021-06-17 18:00:00
211.95,0.1,8.14,98.71,2.12,19.79,59.13,1.63,2021-06-17 19:00:00
220.3,0.0,10.37,90.12,1.74,22.68,71.5,2.06,2021-06-17 20:00:00
220.3,0.0,9.25,85.12,0.95,23.18,72.69,2.01,2021-06-17 21:00:00
216.96,0.0,9.25,75.1,0.5,22.37,65.93,2.22,2021-06-17 22:00:00
213.62,0.0,10.11,61.51,0.32,21.62,59.23,2.38,2021-06-17 23:00:00
206.95,0.0,9.08,51.5,0.22,21.38,55.1,2.06,2021-06-18 00:00:00
200.27,0.0,8.4,33.98,0.14,21.29,47.91,1.87,2021-06-18 01:00:00
193.6,0.03,8.31,18.77,0.11,20.88,43.93,2.03,2021-06-18 02:00:00
185.25,0.12,8.23,11.62,0.1,20.17,42.27,2.22,2021-06-18 03:00:00
180.24,0.38,8.91,7.33,0.1,19.11,39.98,2.25,2021-06-18 04:00:00
193.6,2.93,12.34,2.3,0.15,18.27,38.09,1.93,2021-06-18 05:00:00
220.3,10.51,14.74,2.37,0.21,17.77,37.34,2.12,2021-06-18 06:00:00
205.28,2.38,11.48,45.06,0.24,15.59,41.22,2.69,2021-06-18 07:00:00
206.95,2.29,8.74,63.66,0.25,15.48,37.77,2.91,2021-06-18 08:00:00
205.28,1.47,6.51,90.84,0.25,14.96,32.78,3.17,2021-06-18 09:00:00
190.26,0.45,2.31,103.0,0.21,5.34,9.57,1.81,2021-06-18 10:00:00
210.29,0.71,3.94,123.02,1.0,6.5,11.1,3.2,2021-06-18 11:00:00
226.97,0.62,4.41,161.65,2.71,11.59,19.27,3.8,2021-06-18 12:00:00
220.3,0.44,3.51,175.95,3.25,14.56,24.24,2.95,2021-06-18 13:00:00
205.28,0.42,3.13,163.08,2.71,13.91,22.92,2.12,2021-06-18 14:00:00
196.93,0.45,3.09,143.05,2.06,11.22,17.87,1.62,2021-06-18 15:00:00
196.93,0.54,3.73,127.32,1.74,8.95,13.58,1.52,2021-06-18 16:00:00
198.6,0.55,4.2,111.58,1.54,7.13,10.74,1.46,2021-06-18 17:00:00
195.27,0.34,4.03,97.28,1.12,5.65,8.81,1.22,2021-06-18 18:00:00
193.6,0.06,4.07,88.69,0.71,5.63,9.38,1.08,2021-06-18 19:00:00
195.27,0.0,4.11,83.69,0.43,6.24,10.79,0.98,2021-06-18 20:00:00
195.27,0.0,4.11,78.68,0.27,6.52,11.43,0.89,2021-06-18 21:00:00
195.27,0.0,7.2,57.94,0.16,6.73,11.44,1.38,2021-06-18 22:00:00
191.93,0.0,8.31,38.98,0.1,6.78,11.58,1.81,2021-06-18 23:00:00
181.91,0.0,7.03,32.9,0.08,6.61,11.49,2.41,2021-06-19 00:00:00
175.24,0.0,6.17,31.47,0.08,6.42,11.37,2.85,2021-06-19 01:00:00
171.9,0.0,5.74,31.11,0.08,6.37,11.4,2.31,2021-06-19 02:00:00
173.57,0.0,5.36,36.12,0.08,6.54,11.87,1.81,2021-06-19 03:00:00
178.58,0.0,4.11,55.08,0.11,7.28,13.59,1.3,2021-06-19 04:00:00
185.25,0.0,6.17,53.64,0.14,8.5,15.94,1.38,2021-06-19 05:00:00
191.93,0.09,8.82,54.36,0.2,9.49,17.66,1.5,2021-06-19 06:00:00
185.25,0.16,5.91,70.81,0.37,9.38,17.41,1.12,2021-06-19 07:00:00
183.58,0.24,5.48,75.1,0.4,8.48,16.17,1.27,2021-06-19 08:00:00
185.25,0.38,5.14,78.68,0.37,7.9,17.89,1.71,2021-06-19 09:00:00
191.93,0.68,4.54,91.55,0.6,9.09,28.63,2.5,2021-06-19 10:00:00
200.27,0.7,5.36,103.0,1.55,11.66,37.49,3.07,2021-06-19 11:00:00
203.61,0.62,5.27,117.3,2.8,13.81,39.67,2.79,2021-06-19 12:00:00
198.6,0.46,4.37,127.32,3.13,13.01,38.76,1.98,2021-06-19 13:00:00
191.93,0.45,4.54,124.45,2.71,10.44,37.73,1.81,2021-06-19 14:00:00
190.26,0.51,5.36,115.87,2.35,9.88,45.85,1.81,2021-06-19 15:00:00
193.6,0.77,6.51,111.58,2.3,11.61,62.29,2.09,2021-06-19 16:00:00
201.94,0.71,9.0,105.86,2.15,13.48,77.15,2.6,2021-06-19 17:00:00
208.62,0.42,10.97,95.84,1.74,15.12,88.86,2.98,2021-06-19 18:00:00
220.3,0.17,14.22,85.12,1.55,14.88,85.23,4.02,2021-06-19 19:00:00
236.99,0.0,17.65,72.24,1.36,14.0,75.28,4.94,2021-06-19 20:00:00
247.0,0.0,17.65,64.37,0.98,13.42,68.23,3.9,2021-06-19 21:00:00
240.33,0.0,15.25,62.23,0.62,13.47,64.15,3.1,2021-06-19 22:00:00
223.64,0.0,10.8,64.37,0.33,14.92,63.78,2.6,2021-06-19 23:00:00
208.62,0.0,6.86,66.52,0.16,16.24,64.01,2.5,2021-06-20 00:00:00
196.93,0.0,6.26,51.5,0.1,16.52,60.53,3.74,2021-06-20 01:00:00
190.26,0.0,6.86,34.33,0.08,16.61,59.61,4.69,2021-06-20 02:00:00
185.25,0.01,7.54,24.68,0.08,16.77,61.63,4.05,2021-06-20 03:00:00
183.58,0.04,8.82,19.13,0.08,16.65,60.4,3.36,2021-06-20 04:00:00
191.93,0.28,13.2,12.88,0.12,16.12,54.05,3.04,2021-06-20 05:00:00
206.95,1.55,19.19,9.39,0.16,15.15,44.89,2.63,2021-06-20 06:00:00
185.25,0.06,3.3,79.39,0.08,8.0,18.96,0.42,2021-06-20 07:00:00
188.59,0.06,2.64,82.25,0.13,4.58,8.76,0.36,2021-06-20 08:00:00
190.26,0.06,2.46,80.82,0.17,2.98,4.89,0.39,2021-06-20 09:00:00
188.59,0.06,2.87,77.96,0.21,3.01,4.41,0.82,2021-06-20 10:00:00
186.92,0.11,3.73,76.53,0.28,3.17,4.73,1.28,2021-06-20 11:00:00
183.58,0.14,3.73,79.39,0.38,3.03,4.42,1.3,2021-06-20 12:00:00
180.24,0.09,2.61,84.4,0.38,2.46,3.25,1.0,2021-06-20 13:00:00
181.91,0.1,2.4,84.4,0.42,1.87,2.44,1.0,2021-06-20 14:00:00
181.91,0.16,2.68,83.69,0.45,1.67,2.48,1.11,2021-06-20 15:00:00
183.58,0.27,2.91,86.55,0.46,1.97,3.32,1.27,2021-06-20 16:00:00
186.92,0.33,3.17,91.55,0.51,2.6,4.67,1.52,2021-06-20 17:00:00
188.59,0.3,3.47,95.84,0.54,2.89,5.62,1.68,2021-06-20 18:00:00
193.6,0.14,5.06,94.41,0.55,3.22,6.8,2.28,2021-06-20 19:00:00
195.27,0.0,6.17,89.41,0.56,3.59,7.88,2.72,2021-06-20 20:00:00
193.6,0.0,6.26,85.12,0.57,3.89,8.73,2.57,2021-06-20 21:00:00
196.93,0.0,9.94,60.08,0.35,4.42,9.63,2.76,2021-06-20 22:00:00
205.28,0.0,12.68,36.48,0.21,5.09,10.96,2.53,2021-06-20 23:00:00
203.61,0.01,11.48,27.18,0.18,5.54,12.25,2.15,2021-06-21 00:00:00
195.27,0.01,9.43,25.75,0.19,5.76,13.26,2.25,2021-06-21 01:00:00
190.26,0.01,8.4,24.68,0.18,6.07,14.19,1.95,2021-06-21 02:00:00
186.92,0.01,8.14,26.46,0.21,6.26,14.31,2.15,2021-06-21 03:00:00
175.24,0.0,5.36,49.35,0.32,4.94,10.78,2.28,2021-06-21 04:00:00
178.58,0.01,5.66,53.64,0.24,3.34,5.96,2.91,2021-06-21 05:00:00
185.25,0.32,5.91,60.08,0.22,2.48,3.82,3.48,2021-06-21 06:00:00
173.57,0.43,2.79,63.66,0.14,1.35,2.08,2.72,2021-06-21 07:00:00
170.23,0.48,2.16,65.8,0.12,1.16,1.83,2.66,2021-06-21 08:00:00
170.23,0.46,1.95,72.96,0.12,1.3,2.05,3.2,2021-06-21 09:00:00
165.22,0.31,1.31,70.81,0.18,0.81,1.26,2.09,2021-06-21 10:00:00
168.56,0.29,1.36,74.39,0.29,0.81,1.18,1.84,2021-06-21 11:00:00
171.9,0.29,1.69,83.69,0.45,1.33,2.18,1.69,2021-06-21 12:00:00
175.24,0.28,1.89,95.84,0.58,2.58,4.88,1.43,2021-06-21 13:00:00
175.24,0.29,1.93,98.71,0.61,3.29,6.43,1.27,2021-06-21 14:00:00
175.24,0.34,2.12,94.41,0.56,3.21,6.05,1.2,2021-06-21 15:00:00
173.57,0.4,2.44,90.84,0.5,2.75,4.92,1.28,2021-06-21 16:00:00
171.9,0.44,3.0,88.69,0.51,2.39,4.03,1.52,2021-06-21 17:00:00
173.57,0.36,3.6,85.12,0.56,2.17,3.64,1.71,2021-06-21 18:00:00
181.91,0.19,6.77,78.68,0.68,2.43,4.26,2.76,2021-06-21 19:00:00
190.26,0.0,8.91,72.24,0.69,2.82,5.01,3.52,2021-06-21 20:00:00
191.93,0.0,9.08,70.1,0.63,3.27,5.69,3.55,2021-06-21 21:00:00
203.61,0.0,14.4,50.07,0.4,3.95,6.62,4.05,2021-06-21 22:00:00
216.96,0.01,19.02,27.9,0.22,4.64,7.57,3.77,2021-06-21 23:00:00
213.62,0.05,18.51,16.27,0.16,4.88,8.04,3.61,2021-06-22 00:00:00
201.94,0.11,16.11,10.73,0.16,4.8,8.15,4.94,2021-06-22 01:00:00
183.58,0.2,13.02,7.6,0.14,4.51,7.98,6.08,2021-06-22 02:00:00
168.56,0.32,10.63,6.08,0.13,4.1,7.64,6.9,2021-06-22 03:00:00
161.89,0.37,10.03,7.42,0.15,3.87,7.45,7.35,2021-06-22 04:00:00
181.91,2.15,14.4,3.67,0.22,4.21,7.74,7.16,2021-06-22 05:00:00
220.3,12.41,15.94,3.8,0.29,5.04,8.38,6.9,2021-06-22 06:00:00
178.58,1.02,6.51,51.5,0.26,2.04,3.7,4.12,2021-06-22 07:00:00
183.58,1.12,6.17,60.08,0.46,1.87,3.14,4.05,2021-06-22 08:00:00
186.92,1.01,6.43,67.95,0.78,1.9,2.96,4.37,2021-06-22 09:00:00
178.58,0.65,4.46,76.53,0.95,1.49,2.2,3.23,2021-06-22 10:00:00
173.57,0.54,3.47,84.4,1.16,1.69,2.34,2.69,2021-06-22 11:00:00
173.57,0.43,2.79,92.98,1.28,2.19,2.87,2.41,2021-06-22 12:00:00
171.9,0.38,2.4,98.71,1.31,2.57,3.38,2.15,2021-06-22 13:00:00
170.23,0.4,2.42,100.14,1.37,2.76,3.89,1.92,2021-06-22 14:00:00
168.56,0.46,2.68,97.28,1.37,2.78,4.43,1.68,2021-06-22 15:00:00
170.23,0.6,3.51,94.41,1.52,2.89,5.28,1.63,2021-06-22 16:00:00
173.57,0.75,5.01,90.84,1.91,3.17,6.48,1.9,2021-06-22 17:00:00
176.91,0.69,6.86,87.26,2.3,3.46,7.57,2.25,2021-06-22 18:00:00
180.24,0.27,8.74,79.39,2.59,3.65,8.44,2.44,2021-06-22 19:00:00
178.58,0.0,8.57,72.96,2.47,3.76,8.93,2.31,2021-06-22 20:00:00
175.24,0.0,6.94,68.67,1.86,3.72,8.89,1.74,2021-06-22 21:00:00
173.57,0.0,8.91,48.64,0.67,3.82,8.55,1.57,2021-06-22 22:00:00
168.56,0.02,10.2,27.9,0.2,3.9,8.29,2.03,2021-06-22 23:00:00
158.55,0.04,9.08,18.6,0.12,3.82,8.08,3.01,2021-06-23 00:00:00
150.2,0.05,8.4,16.09,0.14,3.75,7.88,4.31,2021-06-23 01:00:00
148.54,0.06,8.31,14.84,0.15,3.78,7.6,4.37,2021-06-23 02:00:00
150.2,0.07,8.4,15.2,0.16,3.85,7.24,3.74,2021-06-23 03:00:00
153.54,0.0,6.08,33.26,0.21,3.68,6.63,3.01,2021-06-23 04:00:00
161.89,0.02,8.05,31.11,0.21,3.98,6.69,2.66,2021-06-23 05:00:00
173.57,0.64,10.54,29.33,0.24,4.36,6.9,2.41,2021-06-23 06:00:00
176.91,0.48,5.57,65.09,0.48,4.03,7.43,1.6,2021-06-23 07:00:00
178.58,0.56,5.14,67.95,0.43,4.07,7.26,2.09,2021-06-23 08:00:00
173.57,0.48,4.58,67.23,0.3,3.56,5.9,2.79,2021-06-23 09:00:00
161.89,0.28,2.27,72.96,0.16,1.73,2.53,2.0,2021-06-23 10:00:00
160.22,0.25,1.46,78.68,0.13,1.24,1.57,1.47,2021-06-23 11:00:00
161.89,0.23,1.15,83.69,0.12,1.22,1.44,1.24,2021-06-23 12:00:00
163.56,0.23,1.24,87.98,0.15,1.3,1.5,1.33,2021-06-23 13:00:00
170.23,0.3,2.34,91.55,0.34,1.49,1.74,2.03,2021-06-23 14:00:00
175.24,0.3,4.5,92.98,0.67,1.61,1.92,2.47,2021-06-23 15:00:00
175.24,0.21,5.48,88.69,0.72,1.54,1.87,2.09,2021-06-23 16:00:00
173.57,0.21,5.1,86.55,0.53,1.54,1.86,1.84,2021-06-23 17:00:00
173.57,0.13,4.5,85.83,0.41,1.52,1.81,1.62,2021-06-23 18:00:00
180.24,0.07,6.0,78.68,0.35,1.72,2.1,2.12,2021-06-23 19:00:00
191.93,0.0,8.82,67.95,0.33,2.18,2.78,2.95,2021-06-23 20:00:00
201.94,0.0,11.14,59.37,0.32,2.55,3.34,3.17,2021-06-23 21:00:00
210.29,0.0,15.59,40.05,0.23,3.07,4.12,2.95,2021-06-23 22:00:00
213.62,0.03,17.65,21.64,0.15,3.56,4.88,2.47,2021-06-23 23:00:00
210.29,0.1,15.94,12.7,0.12,3.79,5.3,2.47,2021-06-24 00:00:00
201.94,0.22,13.71,8.23,0.12,3.93,5.62,2.91,2021-06-24 01:00:00
191.93,0.46,12.34,4.69,0.11,4.0,5.87,3.48,2021-06-24 02:00:00
180.24,1.03,11.14,2.26,0.11,3.93,6.02,4.12,2021-06-24 03:00:00
168.56,1.75,10.45,1.65,0.11,3.64,5.86,4.31,2021-06-24 04:00:00
171.9,4.19,11.31,1.19,0.14,3.54,5.78,3.74,2021-06-24 05:00:00
181.91,9.72,10.8,4.29,0.16,3.58,5.63,3.67,2021-06-24 06:00:00
155.21,0.96,3.81,43.63,0.13,1.95,3.0,3.77,2021-06-24 07:00:00
155.21,0.83,2.72,53.64,0.12,2.04,3.06,3.61,2021-06-24 08:00:00
156.88,0.69,2.38,65.8,0.13,2.42,3.46,3.67,2021-06-24 09:00:00
161.89,0.33,1.32,78.68,0.14,1.93,2.46,2.19,2021-06-24 10:00:00
170.23,0.35,1.56,91.55,0.33,2.64,3.15,2.34,2021-06-24 11:00:00
181.91,0.42,2.25,111.58,0.93,4.73,5.45,3.17,2021-06-24 12:00:00
193.6,0.44,2.96,135.9,1.91,7.31,8.35,3.86,2021-06-24 13:00:00
198.6,0.42,3.3,157.36,2.74,9.58,10.92,4.12,2021-06-24 14:00:00
198.6,0.42,3.56,164.51,2.92,10.17,11.73,3.77,2021-06-24 15:00:00
193.6,0.49,4.41,158.79,2.89,9.63,11.37,3.45,2021-06-24 16:00:00
196.93,0.53,5.74,151.63,2.89,9.58,11.53,3.39,2021-06-24 17:00:00
200.27,0.38,6.43,141.62,2.65,9.82,11.86,3.29,2021-06-24 18:00:00
206.95,0.14,8.05,120.16,1.94,9.87,12.17,3.45,2021-06-24 19:00:00
210.29,0.0,9.0,95.84,1.3,9.16,11.87,3.14,2021-06-24 20:00:00
208.62,0.0,9.34,80.82,0.89,8.5,11.55,2.41,2021-06-24 21:00:00
205.28,0.0,10.88,58.65,0.46,8.25,11.58,2.22,2021-06-24 22:00:00
193.6,0.0,10.37,37.55,0.21,8.12,11.65,2.06,2021-06-24 23:00:00
178.58,0.01,8.05,28.97,0.13,8.0,11.57,2.09,2021-06-25 00:00:00
168.56,0.01,6.6,27.18,0.11,8.14,11.68,2.47,2021-06-25 01:00:00
165.22,0.01,6.34,28.25,0.12,8.37,12.08,3.36,2021-06-25 02:00:00
165.22,0.01,7.11,28.97,0.14,8.55,12.53,4.88,2021-06-25 03:00:00
168.56,0.02,9.25,27.18,0.17,8.86,13.1,6.4,2021-06-25 04:00:00
190.26,0.3,16.28,16.81,0.22,9.74,14.21,5.89,2021-06-25 05:00:00
223.64,5.25,22.62,10.82,0.29,11.08,15.53,5.13,2021-06-25 06:00:00
181.91,0.5,5.74,91.55,0.78,6.23,8.54,1.92,2021-06-25 07:00:00
181.91,0.64,4.28,98.71,0.69,6.14,8.38,2.06,2021-06-25 08:00:00
190.26,0.69,3.86,108.72,0.66,6.57,8.84,2.69,2021-06-25 09:00:00
193.6,0.68,3.81,115.87,0.81,6.55,8.86,3.07,2021-06-25 10:00:00
195.27,0.55,3.68,121.59,0.97,6.64,9.4,3.01,2021-06-25 11:00:00
185.25,0.35,2.96,123.02,0.86,6.37,9.6,2.6,2021-06-25 12:00:00
176.91,0.29,2.68,120.16,0.68,5.74,8.78,2.25,2021-06-25 13:00:00
175.24,0.34,2.91,118.73,0.74,5.64,8.59,2.03,2021-06-25 14:00:00
173.57,0.41,3.43,118.73,0.89,5.72,8.77,1.88,2021-06-25 15:00:00
173.57,0.48,3.98,114.44,0.86,5.46,8.82,1.82,2021-06-25 16:00:00
176.91,0.56,4.76,108.72,0.87,5.09,8.7,2.0,2021-06-25 17:00:00
181.91,0.5,5.83,103.0,1.0,4.86,8.59,2.22,2021-06-25 18:00:00
196.93,0.26,10.54,88.69,1.27,5.16,9.11,3.14,2021-06-25 19:00:00
211.95,0.01,14.91,73.67,1.43,5.76,9.95,3.23,2021-06-25 20:00:00
220.3,0.0,16.79,65.09,1.46,6.22,10.61,2.85,2021-06-25 21:00:00
220.3,0.0,19.54,45.78,1.01,6.78,11.35,2.63,2021-06-25 22:00:00
216.96,0.01,19.19,27.9,0.62,7.19,11.93,2.44,2021-06-25 23:00:00
208.62,0.02,16.11,20.03,0.46,7.33,12.41,2.72,2021-06-26 00:00:00
198.6,0.03,13.2,18.24,0.45,7.61,13.16,3.48,2021-06-26 01:00:00
190.26,0.02,10.97,19.67,0.47,8.73,14.76,4.12,2021-06-26 02:00:00
183.58,0.02,9.77,22.35,0.47,10.15,16.58,4.88,2021-06-26 03:00:00
180.24,0.02,9.68,23.96,0.42,10.77,17.33,5.32,2021-06-26 04:00:00
190.26,0.17,13.88,17.52,0.31,9.1,15.8,3.93,2021-06-26 05:00:00
213.62,2.49,20.22,11.8,0.28,8.37,15.18,2.88,2021-06-26 06:00:00
191.93,0.69,9.6,65.8,0.38,6.86,13.48,1.98,2021-06-26 07:00:00
206.95,1.45,9.94,66.52,0.39,6.93,12.99,3.14,2021-06-26 08:00:00
226.97,2.01,10.63,78.68,0.58,7.37,13.14,4.81,2021-06-26 09:00:00
191.93,0.81,5.44,111.58,0.63,5.84,9.39,3.14,2021-06-26 10:00:00
183.58,0.48,3.56,118.73,0.69,6.18,9.8,2.57,2021-06-26 11:00:00
175.24,0.35,2.59,118.73,0.7,6.36,10.38,2.09,2021-06-26 12:00:00
168.56,0.28,2.14,115.87,0.63,6.04,9.95,1.71,2021-06-26 13:00:00
166.89,0.24,2.19,111.58,0.57,5.53,8.92,1.55,2021-06-26 14:00:00
166.89,0.28,2.42,108.72,0.51,5.08,7.86,1.57,2021-06-26 15:00:00
168.56,0.4,2.66,108.72,0.45,5.1,7.66,1.71,2021-06-26 16:00:00
171.9,0.35,3.43,105.86,0.43,5.41,8.11,1.92,2021-06-26 17:00:00
175.24,0.18,3.9,101.57,0.41,5.58,8.43,2.0,2021-06-26 18:00:00
186.92,0.06,6.68,90.84,0.43,6.35,9.76,3.39,2021-06-26 19:00:00
203.61,0.0,10.11,77.96,0.45,7.44,11.6,5.32,2021-06-26 20:00:00
211.95,0.0,11.65,68.67,0.41,8.28,13.12,5.89,2021-06-26 21:00:00
208.62,0.0,12.17,62.94,0.34,8.95,14.5,5.83,2021-06-26 22:00:00
198.6,0.0,10.88,59.37,0.29,9.42,15.58,5.0,2021-06-26 23:00:00
188.59,0.0,8.48,60.08,0.27,9.64,16.1,3.83,2021-06-27 00:00:00
181.91,0.0,6.6,63.66,0.25,9.66,16.16,3.14,2021-06-27 01:00:00
178.58,0.0,5.18,71.53,0.25,9.64,15.99,2.47,2021-06-27 02:00:00
178.58,0.0,4.11,82.25,0.29,9.59,15.81,1.9,2021-06-27 03:00:00
176.91,0.0,3.47,90.84,0.32,9.42,15.53,1.63,2021-06-27 04:00:00
178.58,0.0,3.98,91.55,0.33,9.1,14.88,1.68,2021-06-27 05:00:00
180.24,0.02,4.97,92.98,0.34,8.5,13.69,1.68,2021-06-27 06:00:00
178.58,0.15,5.36,98.71,0.4,7.09,11.18,1.92,2021-06-27 07:00:00
195.27,0.65,8.82,97.28,0.87,7.44,11.9,4.05,2021-06-27 08:00:00
211.95,1.33,10.97,100.14,1.71,8.49,13.88,5.51,2021-06-27 09:00:00
203.61,1.02,7.71,113.01,1.77,7.59,12.29,4.12,2021-06-27 10:00:00
188.59,0.59,4.93,118.73,1.54,6.32,10.02,2.95,2021-06-27 11:00:00
176.91,0.43,3.73,117.3,1.36,5.3,8.12,2.25,2021-06-27 12:00:00
171.9,0.41,2.87,117.3,1.16,4.87,7.46,1.9,2021-06-27 13:00:00
168.56,0.41,2.74,115.87,1.04,4.9,7.81,1.76,2021-06-27 14:00:00
168.56,0.48,2.87,117.3,1.07,5.13,8.48,1.71,2021-06-27 15:00:00
173.57,0.58,3.64,117.3,1.21,6.17,10.46,1.98,2021-06-27 16:00:00
178.58,0.64,4.88,114.44,1.39,7.19,12.5,2.34,2021-06-27 17:00:00
183.58,0.54,6.43,108.72,1.61,7.59,13.63,2.53,2021-06-27 18:00:00
190.26,0.23,10.03,98.71,2.24,8.6,15.77,3.1,2021-06-27 19:00:00
198.6,0.0,12.51,87.26,2.68,9.42,17.45,3.36,2021-06-27 20:00:00
201.94,0.0,12.85,80.82,2.53,9.43,17.56,2.98,2021-06-27 21:00:00
205.28,0.0,15.25,59.37,1.42,9.72,17.82,2.0,2021-06-27 22:00:00
205.28,0.0,16.97,38.98,0.82,10.05,18.42,2.41,2021-06-27 23:00:00
198.6,0.0,15.77,31.83,0.77,10.01,18.76,3.9,2021-06-28 00:00:00
190.26,0.0,13.88,31.83,0.85,9.74,18.85,6.02,2021-06-28 01:00:00
183.58,0.0,12.34,32.54,0.89,9.52,18.97,7.41,2021-06-28 02:00:00
180.24,0.0,11.65,33.62,0.93,9.33,19.04,8.11,2021-06-28 03:00:00
180.24,0.0,12.0,36.48,0.97,9.03,18.74,7.54,2021-06-28 04:00:00
195.27,0.02,17.31,32.54,0.89,9.01,18.72,6.27,2021-06-28 05:00:00
216.96,0.47,24.68,30.04,0.87,9.16,18.82,4.88,2021-06-28 06:00:00
173.57,0.17,7.37,81.54,1.0,6.57,16.74,1.31,2021-06-28 07:00:00
171.9,0.18,5.74,86.55,0.83,6.44,15.68,1.16,2021-06-28 08:00:00
173.57,0.2,5.06,87.98,0.82,7.25,15.57,1.11,2021-06-28 09:00:00
170.23,0.24,3.47,90.84,0.73,7.22,17.01,1.06,2021-06-28 10:00:00
168.56,0.31,2.53,97.28,0.77,7.46,18.8,1.12,2021-06-28 11:00:00
168.56,0.35,2.12,104.43,0.95,7.89,19.56,1.24,2021-06-28 12:00:00
171.9,0.4,2.29,114.44,1.33,8.36,20.22,1.55,2021-06-28 13:00:00
175.24,0.45,2.87,123.02,1.8,8.89,21.88,1.84,2021-06-28 14:00:00
178.58,0.52,3.64,128.75,2.24,9.27,24.67,1.93,2021-06-28 15:00:00
181.91,0.69,5.31,130.18,2.56,9.47,29.04,2.31,2021-06-28 16:00:00
190.26,0.87,7.97,125.89,2.98,9.58,34.11,2.95,2021-06-28 17:00:00
198.6,0.77,10.71,115.87,3.16,9.46,37.21,3.55,2021-06-28 18:00:00
220.3,0.37,16.97,94.41,3.87,9.85,40.7,5.0,2021-06-28 19:00:00
230.31,0.01,19.88,74.39,4.29,10.34,43.62,4.94,2021-06-28 20:00:00
211.95,0.0,15.25,68.67,2.98,10.17,42.6,2.76,2021-06-28 21:00:00
185.25,0.0,8.57,68.67,1.16,9.25,37.45,1.46,2021-06-28 22:00:00
170.23,0.0,4.88,65.8,0.35,8.32,29.68,1.2,2021-06-28 23:00:00
165.22,0.0,3.21,62.94,0.18,7.44,19.76,1.11,2021-06-29 00:00:00
163.56,0.0,3.09,55.08,0.15,6.62,12.59,1.12,2021-06-29 01:00:00
165.22,0.0,3.98,42.92,0.12,6.05,10.27,1.5,2021-06-29 02:00:00
166.89,0.0,5.4,34.69,0.13,5.62,9.26,2.09,2021-06-29 03:00:00
173.57,0.01,7.88,29.68,0.18,5.34,8.77,2.47,2021-06-29 04:00:00
193.6,0.07,14.05,26.11,0.36,5.09,8.29,2.57,2021-06-29 05:00:00
213.62,1.73,19.02,30.76,0.81,4.57,7.5,3.58,2021-06-29 06:00:00
191.93,2.1,12.51,58.65,2.18,2.57,4.8,3.99,2021-06-29 07:00:00
191.93,2.52,11.65,69.38,2.56,2.58,4.97,4.18,2021-06-29 08:00:00
191.93,1.98,9.68,82.25,2.44,3.22,6.22,3.83,2021-06-29 09:00:00
180.24,0.96,5.48,92.98,1.74,3.6,6.87,2.82,2021-06-29 10:00:00
173.57,0.6,3.9,98.71,1.52,3.84,7.0,2.47,2021-06-29 11:00:00
168.56,0.49,3.51,101.57,1.48,4.11,7.39,2.28,2021-06-29 12:00:00
168.56,0.45,3.51,101.57,1.45,4.29,8.07,2.12,2021-06-29 13:00:00
168.56,0.47,3.9,101.57,1.59,4.55,9.23,2.06,2021-06-29 14:00:00
166.89,0.44,4.2,100.14,1.74,4.56,10.01,1.85,2021-06-29 15:00:00
165.22,0.41,4.5,97.28,1.76,4.46,11.06,1.68,2021-06-29 16:00:00
165.22,0.33,4.46,94.41,1.73,4.28,11.47,1.55,2021-06-29 17:00:00
163.56,0.18,4.03,91.55,1.51,3.92,10.87,1.36,2021-06-29 18:00:00
161.89,0.04,3.26,89.41,1.15,3.59,10.17,1.14,2021-06-29 19:00:00
158.55,0.0,2.64,87.26,0.82,3.33,9.61,1.0,2021-06-29 20:00:00
156.88,0.0,2.1,85.83,0.54,3.16,9.01,0.85,2021-06-29 21:00:00
156.88,0.0,3.9,72.96,0.29,3.17,8.52,1.28,2021-06-29 22:00:00
156.88,0.0,5.66,57.22,0.18,3.26,8.33,1.74,2021-06-29 23:00:00
155.21,0.0,5.83,47.21,0.14,3.31,8.23,2.06,2021-06-30 00:00:00
151.87,0.0,5.74,42.56,0.14,3.33,8.11,2.31,2021-06-30 01:00:00
153.54,0.0,5.44,43.63,0.15,3.33,7.94,2.15,2021-06-30 02:00:00
156.88,0.0,4.97,52.93,0.2,3.35,7.84,1.92,2021-06-30 03:00:00
165.22,0.0,4.33,77.96,0.73,3.47,7.95,1.52,2021-06-30 04:00:00
173.57,0.0,7.28,75.82,1.27,3.68,8.3,2.22,2021-06-30 05:00:00
188.59,0.09,13.37,72.24,1.97,4.02,8.84,3.39,2021-06-30 06:00:00
186.92,0.31,13.88,75.82,2.35,3.85,8.06,3.23,2021-06-30 07:00:00
186.92,0.42,13.2,76.53,2.21,3.65,7.24,3.14,2021-06-30 08:00:00
186.92,0.4,12.0,77.25,1.94,3.42,6.66,2.98,2021-06-30 09:00:00
180.24,0.25,9.34,78.68,1.57,3.06,6.36,2.57,2021-06-30 10:00:00
175.24,0.13,7.37,80.82,1.37,2.97,6.73,2.28,2021-06-30 11:00:00
171.9,0.09,5.74,85.12,1.19,3.13,7.39,2.06,2021-06-30 12:00:00
170.23,0.08,4.58,89.41,1.01,3.34,7.94,1.85,2021-06-30 13:00:00
168.56,0.11,4.41,90.12,0.98,3.55,8.53,1.76,2021-06-30 14:00:00
168.56,0.17,4.76,89.41,1.04,3.75,9.1,1.73,2021-06-30 15:00:00
168.56,0.18,5.27,88.69,1.03,3.96,9.62,1.71,2021-06-30 16:00:00
170.23,0.11,5.91,87.98,1.07,4.25,10.37,1.84,2021-06-30 17:00:00
173.57,0.04,6.34,87.26,1.21,4.54,11.02,1.96,2021-06-30 18:00:00
181.91,0.03,8.4,85.12,1.57,4.93,11.82,2.5,2021-06-30 19:00:00
190.26,0.0,10.63,80.82,1.88,5.28,12.49,2.98,2021-06-30 20:00:00
193.6,0.0,11.48,77.25,1.89,5.48,12.98,2.98,2021-06-30 21:00:00
191.93,0.0,11.82,74.39,1.88,5.59,13.33,2.91,2021-06-30 22:00:00
188.59,0.0,11.14,71.53,1.71,5.66,13.61,2.85,2021-06-30 23:00:00
186.92,0.0,9.85,69.38,1.28,5.7,13.97,2.72,2021-07-01 00:00:00
181.91,0.0,9.08,50.78,0.5,5.81,14.09,2.06,2021-07-01 01:00:00
176.91,0.0,8.91,31.11,0.18,5.88,14.14,2.31,2021-07-01 02:00:00
171.9,0.02,9.0,20.56,0.13,5.91,14.49,3.1,2021-07-01 03:00:00
170.23,0.1,10.11,13.95,0.11,5.95,14.99,3.52,2021-07-01 04:00:00
178.58,1.23,14.91,5.5,0.13,6.28,15.57,2.57,2021-07-01 05:00:00
200.27,6.76,19.88,1.97,0.16,6.95,16.31,2.31,2021-07-01 06:00:00
173.57,0.17,8.31,70.1,0.45,5.43,13.26,1.73,2021-07-01 07:00:00
180.24,0.38,9.77,72.24,0.64,5.62,13.16,2.79,2021-07-01 08:00:00
190.26,0.73,12.17,73.67,0.95,6.04,13.81,4.05,2021-07-01 09:00:00
183.58,0.76,8.57,88.69,1.04,5.44,11.79,3.23,2021-07-01 10:00:00
175.24,0.45,4.88,103.0,1.0,4.98,10.48,2.34,2021-07-01 11:00:00
170.23,0.37,3.6,107.29,1.0,4.98,10.3,1.96,2021-07-01 12:00:00
166.89,0.34,3.21,105.86,0.91,4.95,9.81,1.84,2021-07-01 13:00:00
166.89,0.37,2.91,104.43,0.77,4.77,8.99,1.82,2021-07-01 14:00:00
165.22,0.45,2.91,103.0,0.7,4.66,8.48,1.85,2021-07-01 15:00:00
166.89,0.55,3.43,101.57,0.64,4.76,8.61,2.03,2021-07-01 16:00:00
170.23,0.61,4.37,98.71,0.68,5.05,9.43,2.34,2021-07-01 17:00:00
173.57,0.48,5.18,92.98,0.73,5.27,10.18,2.5,2021-07-01 18:00:00
180.24,0.21,7.97,85.83,0.9,5.69,11.56,3.29,2021-07-01 19:00:00
186.92,0.0,10.28,77.96,0.97,6.14,12.9,4.05,2021-07-01 20:00:00
188.59,0.0,10.63,72.96,0.81,6.33,13.51,3.86,2021-07-01 21:00:00
195.27,0.0,14.91,52.93,0.45,6.66,13.87,3.23,2021-07-01 22:00:00
195.27,0.0,16.79,33.26,0.21,6.89,14.07,2.76,2021-07-01 23:00:00
186.92,0.01,14.57,25.39,0.13,6.89,14.09,3.52,2021-07-02 00:00:00
176.91,0.01,12.17,23.25,0.12,6.74,14.0,5.45,2021-07-02 01:00:00
168.56,0.01,11.31,22.89,0.13,6.63,14.0,7.98,2021-07-02 02:00:00
163.56,0.01,11.31,23.6,0.15,6.54,14.04,11.53,2021-07-02 03:00:00
163.56,0.02,12.68,23.6,0.18,6.5,14.03,14.31,2021-07-02 04:00:00
173.57,0.24,18.51,15.38,0.18,6.82,14.31,10.51,2021-07-02 05:00:00
195.27,3.97,25.71,7.69,0.2,7.5,15.01,7.92,2021-07-02 06:00:00
178.58,0.85,10.28,65.8,0.35,6.15,13.24,3.36,2021-07-02 07:00:00
188.59,1.72,10.71,80.11,0.54,6.18,12.43,4.43,2021-07-02 08:00:00
208.62,2.32,12.68,108.72,1.25,7.29,13.77,6.71,2021-07-02 09:00:00
191.93,1.19,7.03,133.04,2.12,6.82,11.7,4.24,2021-07-02 10:00:00
186.92,0.69,4.76,153.07,2.77,7.48,12.63,3.58,2021-07-02 11:00:00
181.91,0.47,3.38,158.79,2.71,7.66,13.68,3.07,2021-07-02 12:00:00
176.91,0.42,2.91,148.77,1.94,6.97,13.87,2.72,2021-07-02 13:00:00
173.57,0.43,2.79,134.47,1.31,6.15,13.21,2.44,2021-07-02 14:00:00
171.9,0.5,3.04,123.02,1.06,5.64,12.55,2.25,2021-07-02 15:00:00
171.9,0.63,4.03,118.73,0.98,5.46,13.7,2.53,2021-07-02 16:00:00
173.57,0.68,5.06,113.01,0.93,5.49,17.42,2.91,2021-07-02 17:00:00
175.24,0.52,5.74,103.0,0.86,5.87,23.65,3.07,2021-07-02 18:00:00
185.25,0.26,9.94,89.41,1.07,6.38,24.67,4.56,2021-07-02 19:00:00
195.27,0.01,13.54,76.53,1.16,6.54,22.04,5.95,2021-07-02 20:00:00
200.27,0.0,14.57,67.95,0.98,6.65,21.26,6.4,2021-07-02 21:00:00
206.95,0.0,16.97,58.65,0.85,6.85,20.47,7.28,2021-07-02 22:00:00
208.62,0.0,17.99,49.35,0.75,6.99,19.92,8.23,2021-07-02 23:00:00
205.28,0.0,16.62,43.99,0.56,7.0,20.52,8.11,2021-07-03 00:00:00
200.27,0.0,14.74,40.41,0.35,6.94,21.95,7.6,2021-07-03 01:00:00
195.27,0.0,13.54,36.84,0.23,6.9,23.44,7.47,2021-07-03 02:00:00
191.93,0.0,13.54,33.98,0.2,6.94,25.0,7.79,2021-07-03 03:00:00
188.59,0.0,13.88,31.47,0.21,7.0,26.65,7.6,2021-07-03 04:00:00
186.92,0.02,15.25,29.33,0.22,7.15,28.85,6.33,2021-07-03 05:00:00
181.91,0.3,16.28,32.54,0.22,7.26,32.04,4.88,2021-07-03 06:00:00
170.23,0.46,9.51,62.23,0.24,8.15,40.68,2.79,2021-07-03 07:00:00
170.23,1.2,8.65,68.67,0.28,8.37,40.13,3.23,2021-07-03 08:00:00
173.57,1.36,6.94,83.69,0.38,8.19,36.43,3.71,2021-07-03 09:00:00
166.89,0.52,3.26,103.0,0.47,7.42,28.73,2.69,2021-07-03 10:00:00
165.22,0.29,2.64,104.43,0.56,7.06,26.59,2.44,2021-07-03 11:00:00
163.56,0.21,3.0,100.14,0.68,7.08,28.62,2.34,2021-07-03 12:00:00
163.56,0.16,3.09,97.28,0.78,7.07,29.83,2.25,2021-07-03 13:00:00
165.22,0.18,3.56,100.14,0.95,7.43,31.29,2.38,2021-07-03 14:00:00
166.89,0.22,4.5,101.57,1.19,7.72,31.46,2.47,2021-07-03 15:00:00
170.23,0.38,6.08,100.14,1.54,8.3,31.91,2.66,2021-07-03 16:00:00
175.24,0.59,7.54,101.57,2.24,9.0,32.72,2.82,2021-07-03 17:00:00
171.9,0.48,7.45,100.14,2.74,9.29,31.84,2.28,2021-07-03 18:00:00
166.89,0.11,5.91,92.98,2.09,9.25,30.37,1.52,2021-07-03 19:00:00
165.22,0.0,4.37,85.12,1.22,9.13,29.1,1.2,2021-07-03 20:00:00
165.22,0.0,3.43,81.54,0.7,8.94,28.43,1.03,2021-07-03 21:00:00
165.22,0.0,5.91,61.51,0.33,9.04,28.23,1.49,2021-07-03 22:00:00
160.22,0.0,7.8,40.05,0.16,9.18,28.44,2.01,2021-07-03 23:00:00
153.54,0.0,7.97,27.9,0.12,9.25,29.27,2.82,2021-07-04 00:00:00
146.87,0.01,7.88,20.92,0.12,9.32,30.11,4.31,2021-07-04 01:00:00
138.52,0.02,7.63,16.81,0.12,9.44,30.93,5.7,2021-07-04 02:00:00
131.85,0.04,7.45,14.66,0.12,9.54,31.69,7.28,2021-07-04 03:00:00
126.84,0.08,7.88,12.88,0.11,9.67,32.06,7.85,2021-07-04 04:00:00
133.51,0.64,11.65,7.06,0.12,9.96,31.36,5.45,2021-07-04 05:00:00
151.87,4.58,16.11,4.02,0.14,10.48,30.51,4.62,2021-07-04 06:00:00
171.9,0.28,6.17,69.38,0.43,7.89,18.68,2.66,2021-07-04 07:00:00
176.91,0.45,6.17,75.82,0.49,7.89,17.58,3.23,2021-07-04 08:00:00
180.24,0.57,6.26,85.83,0.54,8.39,18.43,3.96,2021-07-04 09:00:00
185.25,0.32,6.26,90.84,0.73,7.74,15.32,4.31,2021-07-04 10:00:00
190.26,0.36,7.8,97.28,1.7,7.99,14.63,4.62,2021-07-04 11:00:00
188.59,0.29,7.63,105.86,2.65,8.72,15.52,3.8,2021-07-04 12:00:00
180.24,0.17,4.76,107.29,2.24,9.09,16.48,2.34,2021-07-04 13:00:00
175.24,0.11,2.36,90.12,1.13,7.27,12.63,1.62,2021-07-04 14:00:00
176.91,0.09,1.36,67.95,0.41,3.67,5.84,1.27,2021-07-04 15:00:00
178.58,0.11,1.32,67.23,0.26,2.85,4.31,1.0,2021-07-04 16:00:00
180.24,0.12,1.46,66.52,0.26,2.73,4.1,0.91,2021-07-04 17:00:00
180.24,0.1,1.54,63.66,0.28,2.62,3.93,0.93,2021-07-04 18:00:00
180.24,0.04,1.84,59.37,0.26,2.58,3.86,0.99,2021-07-04 19:00:00
181.91,0.0,2.36,56.51,0.26,2.75,4.14,1.11,2021-07-04 20:00:00
183.58,0.0,2.87,54.36,0.26,2.87,4.3,1.19,2021-07-04 21:00:00
185.25,0.0,3.9,50.07,0.24,2.98,4.46,1.43,2021-07-04 22:00:00
185.25,0.0,5.31,44.35,0.22,3.13,4.72,1.62,2021-07-04 23:00:00
185.25,0.0,6.51,38.62,0.23,3.25,4.94,1.87,2021-07-05 00:00:00
183.58,0.0,7.45,30.04,0.19,3.48,5.33,2.12,2021-07-05 01:00:00
178.58,0.01,7.2,21.28,0.13,3.64,5.62,1.96,2021-07-05 02:00:00
171.9,0.02,6.34,16.45,0.09,3.64,5.6,1.79,2021-07-05 03:00:00
166.89,0.04,5.74,15.2,0.09,3.47,5.35,1.76,2021-07-05 04:00:00
170.23,0.13,7.71,14.66,0.13,3.32,5.09,2.06,2021-07-05 05:00:00
178.58,1.75,10.71,16.99,0.2,3.35,5.03,2.66,2021-07-05 06:00:00
175.24,0.69,4.41,55.79,0.48,2.18,3.53,1.47,2021-07-05 07:00:00
180.24,0.88,4.33,70.81,0.54,2.55,4.26,2.47,2021-07-05 08:00:00
191.93,0.98,5.1,94.41,0.76,3.6,5.95,3.8,2021-07-05 09:00:00
191.93,0.7,4.03,113.01,1.04,4.61,7.41,3.48,2021-07-05 10:00:00
196.93,0.55,3.56,130.18,1.58,6.02,9.44,3.45,2021-07-05 11:00:00
195.27,0.47,3.21,138.76,2.12,6.71,10.65,3.07,2021-07-05 12:00:00
191.93,0.46,3.13,137.33,2.38,6.36,10.31,2.76,2021-07-05 13:00:00
190.26,0.5,3.21,127.32,2.3,5.94,9.64,2.5,2021-07-05 14:00:00
190.26,0.59,3.6,115.87,2.24,6.45,10.16,2.34,2021-07-05 15:00:00
191.93,0.75,4.8,114.44,2.44,8.1,12.7,2.5,2021-07-05 16:00:00
196.93,0.86,6.51,111.58,2.71,9.66,15.32,2.79,2021-07-05 17:00:00
198.6,0.73,8.14,100.14,2.77,10.63,16.95,2.85,2021-07-05 18:00:00
206.95,0.36,13.54,81.54,3.28,11.91,19.22,3.48,2021-07-05 19:00:00
216.96,0.01,18.85,62.94,3.31,13.09,21.22,3.48,2021-07-05 20:00:00
223.64,0.0,20.74,51.5,2.62,14.07,22.93,3.36,2021-07-05 21:00:00
223.64,0.0,21.76,36.48,1.49,14.83,23.79,3.23,2021-07-05 22:00:00
220.3,0.01,20.56,23.6,0.78,14.8,23.89,2.72,2021-07-05 23:00:00
210.29,0.01,16.79,20.03,0.51,14.73,24.25,2.5,2021-07-06 00:00:00
198.6,0.01,13.37,21.1,0.35,14.67,24.67,2.38,2021-07-06 01:00:00
193.6,0.01,11.31,22.17,0.23,14.84,25.41,2.12,2021-07-06 02:00:00
193.6,0.01,10.71,25.39,0.18,15.22,26.42,1.93,2021-07-06 03:00:00
198.6,0.0,6.08,73.67,0.48,16.96,29.88,1.96,2021-07-06 04:00:00
198.6,0.0,6.94,71.53,0.5,16.34,28.92,2.06,2021-07-06 05:00:00
200.27,0.21,9.0,67.23,0.51,15.4,27.33,2.28,2021-07-06 06:00:00
205.28,1.01,10.28,66.52,0.63,14.08,25.02,2.82,2021-07-06 07:00:00
213.62,1.96,12.51,70.1,1.16,12.95,23.36,3.99,2021-07-06 08:00:00
216.96,2.4,14.22,81.54,2.5,12.37,23.26,4.69,2021-07-06 09:00:00
203.61,1.4,9.25,97.28,3.16,9.8,18.58,3.29,2021-07-06 10:00:00
191.93,0.49,4.16,105.86,2.35,7.84,14.57,1.76,2021-07-06 11:00:00
185.25,0.21,2.01,100.14,1.31,6.79,12.2,1.06,2021-07-06 12:00:00
185.25,0.14,1.5,92.98,0.81,6.57,11.21,0.82,2021-07-06 13:00:00
183.58,0.11,1.5,89.41,0.65,7.48,11.89,0.71,2021-07-06 14:00:00
183.58,0.09,1.71,87.26,0.58,7.81,12.02,0.7,2021-07-06 15:00:00
183.58,0.12,1.89,84.4,0.5,7.04,10.72,0.78,2021-07-06 16:00:00
185.25,0.17,1.93,83.69,0.43,6.21,9.4,0.96,2021-07-06 17:00:00
185.25,0.15,1.97,81.54,0.38,5.53,8.25,1.12,2021-07-06 18:00:00
186.92,0.06,2.49,75.82,0.3,4.91,7.19,1.35,2021-07-06 19:00:00
186.92,0.0,3.21,68.67,0.23,4.49,6.48,1.58,2021-07-06 20:00:00
185.25,0.0,3.9,62.94,0.2,4.26,6.07,1.73,2021-07-06 21:00:00
183.58,0.0,4.28,58.65,0.17,4.08,5.79,1.87,2021-07-06 22:00:00
181.91,0.0,4.24,55.08,0.14,3.92,5.56,1.98,2021-07-06 23:00:00
178.58,0.0,3.77,50.78,0.11,3.72,5.24,2.01,2021-07-07 00:00:00
173.57,0.0,3.04,47.92,0.09,3.39,4.7,2.06,2021-07-07 01:00:00
171.9,0.0,2.68,47.21,0.09,3.19,4.36,2.28,2021-07-07 02:00:00
171.9,0.0,2.7,46.49,0.09,3.17,4.43,2.5,2021-07-07 03:00:00
173.57,0.0,2.83,47.21,0.1,3.26,4.52,2.47,2021-07-07 04:00:00
178.58,0.0,3.68,48.64,0.12,3.53,4.72,2.47,2021-07-07 05:00:00
181.91,0.03,4.97,50.78,0.13,3.68,4.67,2.38,2021-07-07 06:00:00
171.9,0.09,3.98,62.94,0.08,1.89,2.41,1.63,2021-07-07 07:00:00
168.56,0.14,3.26,67.95,0.05,0.94,1.27,1.33,2021-07-07 08:00:00
168.56,0.16,2.64,71.53,0.05,0.59,0.83,1.16,2021-07-07 09:00:00
171.9,0.18,2.19,77.96,0.13,0.5,0.69,1.24,2021-07-07 10:00:00
175.24,0.31,2.7,87.98,0.39,0.51,0.73,1.79,2021-07-07 11:00:00
176.91,0.42,3.13,100.14,0.75,0.76,1.07,2.12,2021-07-07 12:00:00
178.58,0.39,2.74,107.29,0.86,1.04,1.51,2.06,2021-07-07 13:00:00
176.91,0.37,2.55,108.72,0.85,1.41,2.07,2.01,2021-07-07 14:00:00
178.58,0.41,2.83,107.29,0.92,2.03,2.87,2.12,2021-07-07 15:00:00
183.58,0.52,3.68,107.29,1.04,2.81,3.87,2.44,2021-07-07 16:00:00
190.26,0.59,4.88,104.43,1.19,3.48,4.82,2.82,2021-07-07 17:00:00
193.6,0.5,6.0,95.84,1.31,3.71,5.25,3.07,2021-07-07 18:00:00
198.6,0.21,9.0,84.4,1.7,3.81,5.68,3.52,2021-07-07 19:00:00
203.61,0.0,12.34,72.96,2.41,3.99,6.25,3.8,2021-07-07 20:00:00
200.27,0.0,11.82,69.38,2.68,4.03,6.51,2.98,2021-07-07 21:00:00
193.6,0.0,9.17,67.23,1.91,3.92,6.45,1.95,2021-07-07 22:00:00
188.59,0.0,6.86,60.8,1.03,3.75,6.32,1.52,2021-07-07 23:00:00
183.58,0.0,4.97,55.08,0.54,3.54,6.07,1.31,2021-07-08 00:00:00
180.24,0.0,4.07,50.78,0.35,3.4,5.81,1.25,2021-07-08 01:00:00
181.91,0.0,3.81,50.07,0.32,3.38,5.65,1.17,2021-07-08 02:00:00
185.25,0.0,4.58,53.64,0.53,3.49,5.63,1.25,2021-07-08 03:00:00
188.59,0.0,6.43,57.22,1.36,3.76,5.97,1.47,2021-07-08 04:00:00
195.27,0.0,8.65,52.21,1.58,4.49,7.37,1.66,2021-07-08 05:00:00
200.27,0.33,10.63,44.7,1.25,4.69,7.8,2.47,2021-07-08 06:00:00
191.93,1.34,9.51,41.84,0.71,3.69,6.19,4.02,2021-07-08 07:00:00
178.58,1.82,7.45,47.21,0.34,2.45,4.23,5.57,2021-07-08 08:00:00
168.56,1.48,5.66,60.08,0.21,1.76,3.04,6.08,2021-07-08 09:00:00
158.55,0.59,2.59,76.53,0.21,1.03,1.7,4.02,2021-07-08 10:00:00
158.55,0.48,2.25,85.83,0.39,1.09,1.68,3.48,2021-07-08 11:00:00
165.22,0.48,2.55,95.84,0.81,1.65,2.45,3.61,2021-07-08 12:00:00
173.57,0.46,2.79,107.29,1.34,2.66,3.91,3.33,2021-07-08 13:00:00
180.24,0.48,3.0,115.87,1.8,4.04,6.03,2.79,2021-07-08 14:00:00
180.24,0.48,2.91,113.01,1.91,4.7,7.19,2.09,2021-07-08 15:00:00
178.58,0.42,2.91,103.0,1.68,4.51,7.23,1.62,2021-07-08 16:00:00
175.24,0.27,3.17,90.84,1.45,4.23,7.18,1.38,2021-07-08 17:00:00
171.9,0.09,3.0,80.82,1.18,4.03,7.25,1.14,2021-07-08 18:00:00
166.89,0.01,2.46,75.1,0.88,3.68,6.8,0.93,2021-07-08 19:00:00
165.22,0.0,2.49,72.24,0.81,3.26,6.14,0.9,2021-07-08 20:00:00
165.22,0.0,2.79,71.53,0.87,3.01,5.75,0.93,2021-07-08 21:00:00
166.89,0.0,4.16,66.52,0.94,2.97,5.72,1.35,2021-07-08 22:00:00
168.56,0.0,5.91,59.37,1.07,3.12,6.08,1.87,2021-07-08 23:00:00
170.23,0.0,7.11,53.64,1.15,3.3,6.46,2.15,2021-07-09 00:00:00
170.23,0.0,8.65,47.92,1.13,3.48,6.84,2.53,2021-07-09 01:00:00
171.9,0.0,10.45,42.56,1.09,3.65,7.23,2.85,2021-07-09 02:00:00
173.57,0.0,11.82,38.98,0.97,3.76,7.59,3.04,2021-07-09 03:00:00
175.24,0.0,12.68,36.84,0.75,3.69,7.64,3.01,2021-07-09 04:00:00
178.58,0.01,14.05,35.41,0.51,3.41,7.2,2.69,2021-07-09 05:00:00
176.91,0.49,13.71,39.7,0.38,2.88,6.16,2.44,2021-07-09 06:00:00
163.56,0.66,5.83,59.37,0.41,1.97,4.64,2.22,2021-07-09 07:00:00
165.22,0.94,4.93,65.09,0.51,1.99,4.61,2.34,2021-07-09 08:00:00
165.22,0.7,3.26,74.39,0.54,2.15,4.83,1.84,2021-07-09 09:00:00
161.89,0.38,1.93,83.69,0.52,2.24,5.02,1.35,2021-07-09 10:00:00
161.89,0.29,1.59,90.12,0.51,2.51,5.61,1.36,2021-07-09 11:00:00
163.56,0.27,1.52,95.84,0.52,2.92,6.44,1.49,2021-07-09 12:00:00
163.56,0.27,1.56,100.14,0.53,3.23,6.86,1.66,2021-07-09 13:00:00
161.89,0.31,1.78,98.71,0.63,3.59,7.55,1.69,2021-07-09 14:00:00
161.89,0.4,2.19,94.41,0.75,3.96,8.16,1.58,2021-07-09 15:00:00
161.89,0.52,2.83,91.55,0.84,4.36,8.46,1.65,2021-07-09 16:00:00
163.56,0.59,3.73,88.69,0.98,4.61,8.56,1.93,2021-07-09 17:00:00
166.89,0.52,5.01,84.4,1.27,4.62,8.6,2.19,2021-07-09 18:00:00
175.24,0.3,10.03,71.53,1.65,4.75,8.93,3.33,2021-07-09 19:00:00
183.58,0.01,15.08,57.22,1.79,5.03,9.46,3.99,2021-07-09 20:00:00
190.26,0.0,18.34,47.92,1.76,5.34,10.03,3.77,2021-07-09 21:00:00
190.26,0.0,20.05,41.13,1.64,5.55,10.56,3.77,2021-07-09 22:00:00
186.92,0.0,18.68,36.12,1.39,5.65,11.01,3.1,2021-07-09 23:00:00
180.24,0.0,15.42,32.19,1.06,5.74,11.46,2.57,2021-07-10 00:00:00
140.19,0.0,4.5,26.82,0.2,4.76,10.27,11.15,2021-07-10 01:00:00
135.18,0.0,4.07,25.39,0.19,4.72,10.64,13.3,2021-07-10 02:00:00
130.18,0.0,3.6,23.6,0.18,4.73,11.05,12.67,2021-07-10 03:00:00
130.18,0.0,3.17,23.6,0.17,4.69,11.38,9.63,2021-07-10 04:00:00
131.85,0.0,3.0,23.96,0.16,4.63,11.64,6.97,2021-07-10 05:00:00
136.85,0.18,2.79,29.33,0.18,4.62,11.7,5.38,2021-07-10 06:00:00
146.87,0.2,1.46,55.79,0.28,4.38,10.08,2.66,2021-07-10 07:00:00
146.87,0.2,1.08,64.37,0.26,3.97,8.59,2.22,2021-07-10 08:00:00
146.87,0.18,0.93,73.67,0.24,3.63,7.55,2.01,2021-07-10 09:00:00
148.54,0.09,0.47,82.97,0.23,2.81,5.46,1.35,2021-07-10 10:00:00
148.54,0.07,0.4,87.26,0.29,2.74,5.27,1.3,2021-07-10 11:00:00
146.87,0.08,0.46,92.98,0.47,2.9,5.52,1.2,2021-07-10 12:00:00
148.54,0.08,0.49,95.84,0.53,3.08,5.79,0.94,2021-07-10 13:00:00
148.54,0.08,0.49,94.41,0.43,3.02,5.73,0.87,2021-07-10 14:00:00
146.87,0.08,0.53,91.55,0.36,2.7,5.15,0.88,2021-07-10 15:00:00
145.2,0.09,0.66,89.41,0.33,2.55,4.75,0.95,2021-07-10 16:00:00
145.2,0.11,0.85,87.26,0.35,2.64,4.92,1.09,2021-07-10 17:00:00
145.2,0.09,1.03,83.69,0.37,2.79,5.38,1.16,2021-07-10 18:00:00
145.2,0.04,1.5,75.82,0.35,2.87,5.56,1.66,2021-07-10 19:00:00
146.87,0.0,2.27,66.52,0.3,3.03,5.74,2.41,2021-07-10 20:00:00
150.2,0.0,2.96,59.37,0.24,3.28,6.12,3.2,2021-07-10 21:00:00
150.2,0.0,3.64,45.06,0.14,3.52,6.59,4.88,2021-07-10 22:00:00
146.87,0.0,4.16,32.19,0.11,3.68,7.02,6.33,2021-07-10 23:00:00
140.19,0.0,3.98,25.75,0.1,3.69,7.27,7.22,2021-07-11 00:00:00
131.85,0.0,3.34,23.25,0.09,3.65,7.4,7.79,2021-07-11 01:00:00
126.84,0.0,2.66,22.35,0.08,3.63,7.4,6.65,2021-07-11 02:00:00
126.84,0.0,2.1,25.39,0.08,3.62,7.28,4.56,2021-07-11 03:00:00
135.18,0.0,1.8,37.19,0.16,3.59,7.25,3.07,2021-07-11 04:00:00
138.52,0.0,1.91,39.34,0.23,3.61,7.52,3.23,2021-07-11 05:00:00
138.52,0.13,2.53,37.55,0.31,3.81,8.19,4.12,2021-07-11 06:00:00
141.86,0.53,3.09,40.41,0.54,4.32,9.47,4.75,2021-07-11 07:00:00
150.2,0.8,4.03,56.51,1.0,5.6,12.12,4.02,2021-07-11 08:00:00
165.22,0.82,4.88,87.26,1.64,7.56,15.8,3.42,2021-07-11 09:00:00
166.89,0.41,2.55,107.29,1.42,6.81,13.69,2.22,2021-07-11 10:00:00
161.89,0.14,0.94,107.29,0.87,5.47,11.04,1.73,2021-07-11 11:00:00
158.55,0.09,0.59,101.57,0.57,4.55,9.98,1.43,2021-07-11 12:00:00
156.88,0.08,0.49,95.84,0.41,4.27,11.1,1.28,2021-07-11 13:00:00
156.88,0.08,0.5,94.41,0.37,4.44,13.23,1.27,2021-07-11 14:00:00
155.21,0.09,0.61,94.41,0.35,4.69,15.3,1.25,2021-07-11 15:00:00
155.21,0.1,0.81,94.41,0.34,4.67,14.21,1.31,2021-07-11 16:00:00
153.54,0.09,0.94,91.55,0.33,4.65,13.31,1.38,2021-07-11 17:00:00
155.21,0.05,1.03,87.98,0.32,4.81,15.31,1.46,2021-07-11 18:00:00
156.88,0.01,1.23,84.4,0.33,5.02,17.31,1.65,2021-07-11 19:00:00
156.88,0.0,1.8,80.11,0.36,5.24,15.8,2.03,2021-07-11 20:00:00
158.55,0.0,2.74,74.39,0.38,5.56,13.53,2.57,2021-07-11 21:00:00
161.89,0.0,4.03,62.94,0.34,6.04,12.41,3.58,2021-07-11 22:00:00
163.56,0.0,4.84,50.78,0.27,6.46,12.47,4.62,2021-07-11 23:00:00
161.89,0.0,4.76,42.56,0.23,6.7,12.84,5.45,2021-07-12 00:00:00
155.21,0.0,4.11,36.48,0.19,6.72,13.11,7.22,2021-07-12 01:00:00
150.2,0.0,3.68,33.62,0.18,6.69,13.48,10.64,2021-07-12 02:00:00
146.87,0.0,3.47,35.05,0.19,6.65,14.45,13.93,2021-07-12 03:00:00
143.53,0.0,3.26,37.19,0.2,6.53,17.08,16.47,2021-07-12 04:00:00
136.85,0.0,3.21,36.12,0.19,6.36,21.53,17.73,2021-07-12 05:00:00
131.85,0.09,3.3,33.62,0.15,6.27,27.68,14.69,2021-07-12 06:00:00
150.2,0.06,0.89,75.1,0.18,7.15,45.04,2.72,2021-07-12 07:00:00
150.2,0.08,0.71,77.25,0.17,7.57,47.22,2.25,2021-07-12 08:00:00
150.2,0.11,0.89,77.96,0.17,7.58,45.94,2.47,2021-07-12 09:00:00
150.2,0.09,0.9,83.69,0.19,9.17,50.96,2.12,2021-07-12 10:00:00
156.88,0.07,1.17,88.69,0.23,10.83,55.78,2.28,2021-07-12 11:00:00
163.56,0.04,1.67,91.55,0.38,11.69,56.16,2.76,2021-07-12 12:00:00
168.56,0.02,2.34,91.55,0.69,10.58,44.26,2.95,2021-07-12 13:00:00
168.56,0.04,3.04,97.28,1.13,9.81,32.65,2.57,2021-07-12 14:00:00
163.56,0.06,2.83,97.28,1.12,9.54,27.48,1.93,2021-07-12 15:00:00
158.55,0.08,2.23,82.25,0.69,8.53,27.8,1.52,2021-07-12 16:00:00
158.55,0.12,2.06,75.1,0.5,7.96,30.58,1.39,2021-07-12 17:00:00
161.89,0.11,2.34,73.67,0.52,7.66,30.7,1.44,2021-07-12 18:00:00
166.89,0.05,3.04,70.81,0.63,7.21,28.9,1.65,2021-07-12 19:00:00
171.9,0.0,4.84,65.09,0.84,6.39,24.63,2.28,2021-07-12 20:00:00
165.22,0.0,4.46,62.23,0.74,4.09,14.16,2.53,2021-07-12 21:00:00
153.54,0.0,2.14,59.37,0.34,2.24,6.71,2.44,2021-07-12 22:00:00
146.87,0.0,1.22,54.36,0.18,1.4,3.6,2.82,2021-07-12 23:00:00
146.87,0.0,0.85,50.07,0.13,0.95,1.84,3.29,2021-07-13 00:00:00
